4.332118735656330553e-06,4.559669864296752589e-06,4.900245548569592129e-06,5.342983386642678630e-06,6.034037287252786399e-06,7.143070993370407058e-06,9.141576291684223404e-06,1.366260140162304500e-05,3.223403706969414661e-05,7.643614211889612764e-02
4.017129971088099262e-09,4.017081455811752781e-09,4.016861193196704255e-09,4.017231389027708727e-09,4.017678706730897814e-09,4.018475402978096855e-09,4.019727020025769256e-09,4.021560095440405047e-09,4.024274702657827313e-09,4.027049236250124336e-09
1.172658531446018060e-01,1.158807166668246735e-01,1.144747122227004754e-01,1.131002999730290892e-01,1.118287910195488732e-01,1.107586991946007543e-01,1.100281440275478750e-01,1.098392410278320463e-01,1.104967793999018233e-01,7.646642866592399945e-02
-1.365697278150756859e-02,-1.349568621864177462e-02,-1.333197487889275015e-02,-1.317193750983397180e-02,-1.302388288010482287e-02,-1.289926751506624211e-02,-1.281413670139987596e-02,-1.279186596662395571e-02,-1.286665686760362672e-02,-2.099093546014073997e-05
3.323423830870752477e-06,3.416463060307721634e-06,3.549626540815743548e-06,3.689031731559778001e-06,3.882526393448885974e-06,4.131836040200780962e-06,4.457046015041571961e-06,4.888777807307659478e-06,5.456124407167139368e-06,7.422966185615986461e-06
1.071077508190901261e-08,1.076472426965764589e-08,1.081364142979075252e-08,1.071931903869479670e-08,1.073934114519892441e-08,1.071754420331040730e-08,1.066805386978454702e-08,1.066827269226604743e-08,1.057704154542849224e-08,1.053616489301999238e-08
4.015062857145010342e-08,3.988859546800995032e-08,3.958542037468587950e-08,3.979675722281469112e-08,3.945436715684160177e-08,3.962564882140185656e-08,3.940094419864621171e-08,3.932149721234128810e-08,3.917111686061310663e-08,3.455833700473371216e-08
3.959584939266414639e-08,3.954531226794882884e-08,3.937600095620003714e-08,3.904205651230237893e-08,3.873281549305787602e-08,3.878552606769143386e-08,3.868554981015514935e-08,3.875630242378738197e-08,3.878026349344840211e-08,3.340943973193188591e-08
-4.022320286044126751e-08,-4.033449985006024232e-08,-4.009632079101241153e-08,-4.009512977982486738e-08,-3.972177665932440905e-08,-3.979316590115201376e-08,-3.945895752310290389e-08,-3.943443609748066857e-08,-3.944055741818337221e-08,-3.413434756076964068e-08
2.957445139427226227e-02,2.922508414143125052e-02,2.887043678116624559e-02,2.852373626344627267e-02,2.820294376772863876e-02,2.793286625639853152e-02,2.774823118694174154e-02,2.769962506392329230e-02,2.786105308712351347e-02,2.151157389053217042e-05
3.089909117263039370e-08,3.082180371206730280e-08,3.037778346544064340e-08,3.018923721084107812e-08,2.984566409569150918e-08,2.969840215731460326e-08,2.956752104557686094e-08,2.938739002150461039e-08,2.936213338068279291e-08,1.974057144973340408e-08
-5.637738035424899863e+01,-5.637743653737295801e+01,-5.637766194862102509e+01,-5.637773795674645072e+01,-5.637787865559864287e+01,-5.637810014104165646e+01,-5.637846066088827968e+01,-5.637883392558276796e+01,-5.637950477383757431e+01,-5.628592630774101480e+01
7.800572020784278458e-09,7.381153209493347660e-09,7.211291671049043706e-09,7.246522783416309584e-09,7.347479506272021919e-09,7.451418916659982874e-09,7.357072410556274716e-09,7.815958944070279307e-09,7.052009186716244178e-09,7.751914278341042962e-09
-8.674261963235848158e-06,-9.129367068844035054e-06,-9.810522822268030358e-06,-1.069600467459690367e-05,-1.207812290221288044e-05,-1.429620929546403680e-05,-1.829326071754311790e-05,-2.733543179622867410e-05,-6.447907265267046402e-05,-1.100967022220240741e-05
1.412724128618275572e-08,1.412927646549412844e-08,1.413381451706220301e-08,1.413817018068484658e-08,1.414367558089265389e-08,1.414937625106771961e-08,1.415561995069629909e-08,1.416253857162660417e-08,1.417008850381213191e-08,1.425132604571508885e-08
6.016632417098373331e-08,5.993585368070414229e-08,5.992451376714213228e-08,5.969770114407765429e-08,5.957669761063391725e-08,5.962984422324266867e-08,5.959750697697645373e-08,5.961441761505232580e-08,5.960323274620339815e-08,5.679341403011918534e-08
3.073015770166058513e-08,3.097691960001382473e-08,3.016209648984314357e-08,3.038487315167269042e-08,3.004125135925912628e-08,2.986230164062841492e-08,2.968758923764212329e-08,2.946207545409505799e-08,2.957491354103396422e-08,2.028332228096208967e-08
-5.797223581295928713e-02,-5.728712893635769937e-02,-5.659151905264282745e-02,-5.591124648579270939e-02,-5.528134610602853521e-02,-5.475008846244190652e-02,-5.438463299675957985e-02,-5.428092540176492065e-02,-5.456103511215874835e-02,-3.414020963130283756e-05
-1.991645572183005711e-02,-1.968129667511560321e-02,-1.944261101736282846e-02,-1.920926144726081350e-02,-1.899338347949168504e-02,-1.881166561741360113e-02,-1.868748563253604111e-02,-1.865489225240706678e-02,-1.876367194230501093e-02,-2.601654570676136769e-05
-1.796410548013336513e-08,-1.790410358781001400e-08,-1.785829010981606464e-08,-1.774965893390702890e-08,-1.766709928884384042e-08,-1.762779386292869935e-08,-1.759442162692314470e-08,-1.754880809883062855e-08,-1.750123872724747232e-08,-1.563317055700383324e-08
1.216067141039329111e-08,1.216687829361853147e-08,1.216933115127546138e-08,1.217526917185017153e-08,1.218074967933792791e-08,1.218638411743083534e-08,1.219298506531457879e-08,1.219969209729590142e-08,1.220990850114724700e-08,1.220385107320836953e-08
-1.610105954232586628e-08,-1.610929188243294788e-08,-1.611191059062368300e-08,-1.611945572147021556e-08,-1.612613778808113721e-08,-1.613290889673301577e-08,-1.614088942550525050e-08,-1.614881169936425453e-08,-1.616156302226032601e-08,-1.614737869786016867e-08
1.190225733245199803e-07,1.191748530765935924e-07,1.198045583698928736e-07,1.200268635199282512e-07,1.209492413866449779e-07,1.214664498571151521e-07,1.221472255877213915e-07,1.225649891629933580e-07,1.239800982742248129e-07,1.255932199151964732e-07
3.867807353901865221e-10,3.269334092342985922e-09,1.756535040586532314e-09,1.568398017040016432e-09,-1.773530239006013464e-09,-1.358160642423758050e-09,1.350416078662522866e-09,-1.178454504068543043e-09,6.249479201012153051e-10,-2.453671915817141346e-10
-8.218373036280833343e-11,-4.453071080273520155e-10,-4.041050588253000089e-10,-3.298994288182422269e-10,-4.386396235494737913e-11,-1.950435919949629209e-10,-3.596404742533265576e-10,-1.113619406944268863e-10,-3.920201112709292319e-11,-2.276293574584762060e-10
1.440527612454619188e-08,1.418534384899702752e-08,1.480833150402094227e-08,1.454820384999845013e-08,1.464553038351645276e-08,1.381168660790641320e-08,1.388969170957027947e-08,1.409730637596247766e-08,1.416266930104428869e-08,1.349330657357162798e-08
-3.332954243932039162e+02,-3.332954283779430966e+02,-3.332954096492337044e+02,-3.332954090792889019e+02,-3.332954202447650118e+02,-3.332954229608477590e+02,-3.332954228235818732e+02,-3.332954250239930047e+02,-3.332954182394993836e+02,-3.332954177154867921e+02
1.679854673557464578e-08,1.687520776461190708e-08,1.686441650666248001e-08,1.684593948082776957e-08,1.681172278364263201e-08,1.684157251824616228e-08,1.686940271845865584e-08,1.683070463377806467e-08,1.682553014669395384e-08,1.686494050820516352e-08
4.868845242270883014e-09,4.868655407364620397e-09,4.868440114492005626e-09,4.868210043471588788e-09,4.867911961630957018e-09,4.867568278711187428e-09,4.867165802602419148e-09,4.866692232966500957e-09,4.866144893119606192e-09,4.865434971652695523e-09
3.475112971939074106e-09,3.470681723385603990e-09,3.465416363791921380e-09,3.458488794594568822e-09,3.450813538509702656e-09,3.443136145815314970e-09,3.434314647132570690e-09,3.423859339270457057e-09,3.412108298564210905e-09,3.343118545638856777e-09
-5.180343303627489248e-07,-5.169900031160425974e-07,-5.161018387696334251e-07,-5.138092559910633467e-07,-5.123814230266315760e-07,-5.129296363889884768e-07,-5.141114779928918092e-07,-5.153634805937737502e-07,-5.177489391488712318e-07,-4.348053617041676793e-07
7.899863136528695182e-09,7.905307568400124750e-09,7.957773404403426262e-09,7.959320506127064035e-09,7.933760526142273842e-09,8.003177961264297669e-09,7.988559721516229881e-09,8.142570952421111568e-09,8.165200530386908327e-09,8.313690959151895644e-09
-2.997158342601840327e-04,-2.961812034947066698e-04,-2.925727082389974003e-04,-2.890763365437102532e-04,-2.858252066058979395e-04,-2.830866186217366205e-04,-2.812134636883127821e-04,-2.807184944171590198e-04,-2.823660103536075518e-04,-1.232203137005246343e-07
-6.198302372127345994e-09,-6.191688727196336327e-09,-6.181570656425772249e-09,-6.172344721018289260e-09,-6.159415359609646670e-09,-6.144321917126934561e-09,-6.126572792094545895e-09,-6.105656031084928522e-09,-6.081397612560746876e-09,-6.054564710122805218e-09
3.663892955403057445e-08,3.664866906946359359e-08,3.664737654828872606e-08,3.665426483151280555e-08,3.665782309839242869e-08,3.666097799657055496e-08,3.666372921234309942e-08,3.666778765924141780e-08,3.667372596408302376e-08,3.663024522901213892e-08
8.671481461182493555e-06,9.126225246583090985e-06,9.806511064016359963e-06,1.069089953278275500e-05,1.207227304963628901e-05,1.428695156543365220e-05,1.827964239354876153e-05,2.730597032942125765e-05,6.431299884882719366e-05,1.075547189005882736e-05
2.956577998537385579e-02,2.921595797212455520e-02,2.886062999530455281e-02,2.851304475360957533e-02,2.819087143959259772e-02,2.791857824045458625e-02,2.772995142281304420e-02,2.767231979487985716e-02,2.779674047537035106e-02,1.075649873464937708e-05
2.957445139455791919e-02,2.922508414196112875e-02,2.887043678155354343e-02,2.852373626385953931e-02,2.820294376826362401e-02,2.793286625688381000e-02,2.774823118726065657e-02,2.769962506424617638e-02,2.786105308748817316e-02,2.151157142564696462e-05
3.141624959623331261e-06,3.242329572597332272e-06,3.386806461992053833e-06,3.546453640517735143e-06,3.772462346749981904e-06,4.076053633538062086e-06,4.494693421532919346e-06,5.097062709683422620e-06,5.996140980274277810e-06,1.570014834635468962e-05
-1.974785667358214901e-08,-2.092768933405972660e-08,-2.029224620772945661e-08,-2.014591492238501438e-08,-2.047561693897187621e-08,-2.015472383036088894e-08,-2.084790394269366664e-08,-2.087160991377518394e-08,-2.038497644160184385e-08,-2.066814794840570221e-08
1.609945045498977473e-08,1.610777448116231842e-08,1.611050879556074340e-08,1.611816849287224248e-08,1.612499050256908641e-08,1.613191612662935914e-08,1.614006301190871530e-08,1.614815702577292013e-08,1.616107658444430562e-08,1.614810254741501311e-08
4.051405833261583916e-09,4.049202905879013045e-09,4.046171482341307297e-09,4.043316716907856514e-09,4.039670244415810439e-09,4.035503118575340022e-09,4.030789395032670107e-09,4.025496049422328274e-09,4.019795169121613088e-09,3.989910303242607579e-09
1.364206330334102489e-03,1.348114882315389236e-03,1.331695418611572200e-03,1.315773929483225746e-03,1.300975756581778785e-03,1.288510639689630349e-03,1.279985542381556094e-03,1.277735453812072234e-03,1.285225263964724944e-03,5.197126214707894003e-07
1.115210147641640622e-08,1.117733512141972686e-08,1.140743831788157020e-08,1.111142707223969112e-08,1.115094561942596537e-08,1.103494401557093014e-08,1.106388383385662492e-08,1.115013886977777364e-08,1.094964637593806232e-08,1.010558979225943530e-08
3.550760137357912138e-08,3.622690013923163491e-08,3.636615425585249464e-08,3.638442726656063046e-08,3.545362392688137004e-08,3.677389242176383103e-08,3.583231164360562628e-08,3.556877876802482524e-08,3.569620715621889589e-08,3.942164020931057459e-08
5.198385817760806393e-08,5.132616777699654031e-08,5.102480227939114921e-08,5.097000154875597542e-08,5.099623163324859409e-08,5.143172831885844542e-08,5.109431234086016735e-08,5.088681604354076770e-08,5.042400267024247652e-08,5.603500370606768877e-08
6.082675793328759403e-08,5.968334754689594842e-08,5.957221374391612645e-08,5.929304648078175901e-08,5.936585819100222854e-08,5.957762215639534063e-08,5.967417687704454091e-08,5.934785246343858127e-08,5.884582390072570683e-08,6.513863945671370576e-08
5.519328233029385439e-08,5.461897650693731403e-08,5.445475961321067297e-08,5.411829942524538827e-08,5.440492494901847892e-08,5.452084522939764089e-08,5.454822715315428644e-08,5.407846229931634155e-08,5.413785498027212112e-08,5.992911379104734486e-08
4.305164733026751374e-08,4.259130330752822345e-08,4.255954945477185416e-08,4.224486290094694617e-08,4.242808503048590537e-08,4.259013221501981850e-08,4.243984311950150702e-08,4.223336869384418322e-08,4.237368749164990034e-08,4.777495583529964656e-08
2.832904782577683430e-08,2.870177963068588650e-08,2.777558845072876468e-08,2.788131848733771830e-08,2.817300063959126666e-08,2.788261098818022830e-08,2.822864394098260869e-08,2.855384229345071459e-08,2.842572973853238318e-08,2.746890665943449138e-08
-5.169430855601505855e-06,-5.244568675009149354e-06,-5.349554330735412348e-06,-5.425186413927653445e-06,-5.525152028877360218e-06,-5.629183674946127436e-06,-5.732317850337912257e-06,-5.828008865600376329e-06,-5.891355609398786765e-06,-6.918006490566162029e-06
4.108918766541846956e-02,4.060405321765191144e-02,4.011041689776058405e-02,3.963001572088360736e-02,3.918453713322147397e-02,3.880947129917740324e-02,3.855312439144474579e-02,3.848575037634711232e-02,3.871110906895833259e-02,7.013522572916282964e-06
5.014316819793102782e-08,1.422420963495370080e-08,1.410237687544245570e-08,1.521391117326196698e-08,1.406469155902874156e-08,1.415329670366448095e-08,1.418773436710869233e-08,1.459030781385417756e-08,1.419676235616245505e-08,1.420937030050650152e-08
5.014337604413705566e-08,1.422448555140810851e-08,1.410264421397163280e-08,1.521417075294181866e-08,1.406494279668898346e-08,1.415353487075557160e-08,1.418795614136049834e-08,1.459050892395345851e-08,1.419693963448917680e-08,1.420905579198468402e-08
1.661010361830266013e-02,1.641413997196013858e-02,1.621531133039311179e-02,1.602102876089884359e-02,1.584150361800582690e-02,1.569079680615794586e-02,1.558877037740279310e-02,1.556503737018608349e-02,1.566927046858230740e-02,1.627429676722107477e-01
1.552465204256787895e-08,1.553834855016322027e-08,1.556266133172841295e-08,1.558766056399741186e-08,1.562026857581318909e-08,1.565677078873808376e-08,1.569891239114650295e-08,1.574849005356515639e-08,1.580505526146871707e-08,1.593696914366587931e-08
1.991645967714879631e-02,1.968130063298567309e-02,1.944261497282296150e-02,1.920926540281651246e-02,1.899338743554503800e-02,1.881166957419983313e-02,1.868748958956316028e-02,1.865489621018701083e-02,1.876367590070285654e-02,2.602050966138116095e-05
5.798091007503908267e-02,5.729625830024365207e-02,5.660132957660151537e-02,5.592194249029422415e-02,5.529342423519033323e-02,5.476438467287202128e-02,5.440292625498425322e-02,5.430826083316874636e-02,5.462551417199812409e-02,4.514988464109708860e-05
2.797579305874596800e-01,2.764555480442376645e-01,2.731022715721997951e-01,2.698272399132948252e-01,2.667961999888378566e-01,2.642447831010663051e-01,2.625008420414525201e-01,2.620400660413233496e-01,2.635414910893921769e-01,1.379448170251312313e-04
3.651438578495716386e-08,3.642148549367282926e-08,3.631794683010161628e-08,3.617864408709180347e-08,3.593136115616228819e-08,3.652129665401206687e-08,3.608339733386232797e-08,3.592511276490280136e-08,3.560279554188104503e-08,4.019136747760910298e-08
4.882050085905406231e-08,4.815673983883180738e-08,4.811753182149614188e-08,4.777310005512449308e-08,4.778579603263803535e-08,4.793139285045434502e-08,4.807725616099555545e-08,4.769897676445660003e-08,4.746159297445198189e-08,5.278551766525104949e-08
5.658036719075712255e-08,5.565864014378404796e-08,5.586695784822312394e-08,5.533603878938485650e-08,5.535662040462979150e-08,5.537438643786608595e-08,5.580712342658671085e-08,5.542661726607015908e-08,5.514137014356720359e-08,6.121626904427228804e-08
5.020894735501711385e-08,4.989508984594084685e-08,5.011280158968255282e-08,4.969805325848161949e-08,4.970527148553721641e-08,4.976656721825894585e-08,4.995550456410421776e-08,4.975072120353166788e-08,4.996008292386788661e-08,5.575084860190022125e-08
3.499112496939470340e-08,3.487406759899611393e-08,3.538363939057654862e-08,3.486844127154896567e-08,3.489693619098305064e-08,3.509458351365192995e-08,3.499537760527696029e-08,3.489218388193310132e-08,3.518156392569575222e-08,4.117007349333806536e-08
2.509364776865556213e-08,2.638858368163988612e-08,2.678780507147128891e-08,2.611971746334988616e-08,2.706389122258799146e-08,2.676340046876388638e-08,2.651580151163594828e-08,2.701908262686149111e-08,2.769059107640550016e-08,2.773574980576132024e-08
1.015096079602464288e-08,2.955912881312571012e-09,3.004038082167243012e-09,3.116861892165296081e-09,3.059228937414812664e-09,3.085364646437151140e-09,2.938502024219821817e-09,3.237012679006491687e-09,2.958820115225960225e-09,3.754256445905834739e-09
-1.164604395301732249e-09,-1.154568813828530138e-09,-1.548070564893960352e-09,-1.141162164768780317e-09,-1.135852607104305173e-09,-1.136257989644259504e-09,-1.138427869889689872e-09,-4.759934628859659839e-10,-1.137249463036933907e-09,-8.339507942450156337e-10
5.010955622941513227e-02,4.951787941980455993e-02,4.891719129699935442e-02,4.833018588904039459e-02,4.778702778776515447e-02,4.732997289276039826e-02,4.701779085807231140e-02,4.693627479546263331e-02,4.721020226230689121e-02,4.837277620466937041e-05
5.517933315093862673e-02,5.452770819817416570e-02,5.386645036271997533e-02,5.321985348595367760e-02,5.262187108005594166e-02,5.211859602099199601e-02,5.177502458605381941e-02,5.168572738463085570e-02,5.198998830408307209e-02,5.626021426336706537e-05
1.661009548183681878e-02,1.641413182806717927e-02,1.621530317395215165e-02,1.602102059123369782e-02,1.584149543124037385e-02,1.569078860032849243e-02,1.558876214922116400e-02,1.556502911585806032e-02,1.566926218485842001e-02,1.627429593061561763e-01
1.291709202654075534e-08,1.317807397414512103e-08,1.319302987903789234e-08,1.316158630222696160e-08,1.316320907588933517e-08,1.316254105045913347e-08,1.314367155129600884e-08,1.313488094410819177e-08,1.313163991672220460e-08,1.313459497993212330e-08
3.251886066975261408e-08,3.235541608296464824e-08,3.237317580144262406e-08,3.200500709366717306e-08,3.208101879838135370e-08,3.211362971225664779e-08,3.152018073989723378e-08,3.156811076934588832e-08,3.147716013349930369e-08,3.196899653082997481e-08
8.990604294294213261e-02,8.884420203292310581e-02,8.776636189753173056e-02,8.671265962496473023e-02,8.573775768127327168e-02,8.491700167655232001e-02,8.435580549406662687e-02,8.420729882015158541e-02,8.469079417680855371e-02,5.971492553061376926e-05
4.747283809850345888e-08,4.681130722892118567e-08,4.640297208672542675e-08,4.673854270573293469e-08,4.653872283465603045e-08,4.672292683163757134e-08,4.685679158315121803e-08,4.679173618573334300e-08,4.457172172568229305e-08,4.174643182533326394e-08
4.331883108996467460e-06,4.559405775703626254e-06,4.899936884318773068e-06,5.342612096091070588e-06,6.033558566942839967e-06,7.142394004555775017e-06,9.140460839493153505e-06,1.366010746602626952e-05,3.222025196538838641e-05,1.374408385524947338e-04
3.347330118566170270e-06,3.527368584867093505e-06,3.799399075363335340e-06,4.154698322115511426e-06,4.706703441836387716e-06,5.592174140355491479e-06,7.195707965928454387e-06,1.081549048753252786e-05,2.572937322319172553e-05,3.835692771203689426e-05
4.101358392671875822e-08,4.111465088404705174e-08,4.188588098466178225e-08,4.094448038694193511e-08,4.066366826164428136e-08,4.049376866913821813e-08,4.098457188627903265e-08,4.049588304555268401e-08,3.378556960789945312e-08,4.137683435923534233e-08
-3.693264904108842066e-06,-3.766332429862790355e-06,-3.868922980436833798e-06,-3.960143084476043958e-06,-4.082785583225916404e-06,-4.226262009893922390e-06,-4.392439727119618289e-06,-4.583489385055636687e-06,-4.786799857732537247e-06,-7.514542347729140564e-06
-5.316545471696527190e-06,-5.591565513652713964e-06,-6.000617833793296736e-06,-6.530697978281983275e-06,-7.360635412946718150e-06,-8.692927038933398394e-06,-1.108572869549802744e-05,-1.650587110084473876e-05,-3.871736817793722984e-05,-6.315031373310186558e-05
4.101347137762180587e-08,4.111454165575785688e-08,4.188578050801336165e-08,4.094436691590399523e-08,4.066356268149875954e-08,4.049367709142970059e-08,4.098447412877084271e-08,4.049579749167148974e-08,3.378549684075109985e-08,4.137715643714419213e-08
5.322915349128122188e-06,5.601512850930789568e-06,6.018379553785644760e-06,6.560010774468907479e-06,7.404893896318958641e-06,8.759384670424991181e-06,1.119586344175196925e-05,1.668762603796296678e-05,3.897328434008774455e-05,4.602040030490867767e-02
1.201790891495723722e-07,1.205223111454837208e-07,1.208251038211241166e-07,1.211424867395419018e-07,1.221259114843413927e-07,1.226115348967063111e-07,1.233107126284651734e-07,1.242522072286980781e-07,1.254374677664043444e-07,1.267874851963586433e-07
1.209278105457247808e-07,1.212748898369346205e-07,1.215859290772237769e-07,1.219065903947816512e-07,1.228293748597924938e-07,1.233251717822407890e-07,1.240217218414305828e-07,1.250143213317774156e-07,1.261614140789824939e-07,1.275399445976782510e-07
5.322915349099472145e-06,5.601512850928575424e-06,6.018379553786629012e-06,6.560010774471603584e-06,7.404893896321842788e-06,8.759384670423237822e-06,1.119586344175167109e-05,1.668762603797175898e-05,3.897328434009263024e-05,4.602040124630112777e-02
4.574681710693832204e-09,4.547334095655598532e-09,4.511145156812639449e-09,4.471864551330323256e-09,4.421989583695896887e-09,4.362431692619791925e-09,4.291964455416897196e-09,4.209063062202049838e-09,4.113253757341356970e-09,3.990316373873753903e-09
4.808521569372069072e-11,-1.895392625503130553e-12,-1.831708680886611159e-12,-1.763118479960989664e-12,-1.644181661871022766e-12,-1.484846379213642093e-12,-1.269970051962832464e-12,-1.069703005542236010e-12,-6.170706165272128886e-13,8.097637130526127275e-12
1.723405822493909268e-05,1.813435562502863462e-05,1.946658795421562095e-05,2.121601642118263215e-05,2.392763777724212052e-05,2.826559333465459279e-05,3.604142816187942791e-05,5.343867235487170103e-05,1.220996056795887292e-04,7.564900965700410475e-07
1.066886433062126660e-01,1.055338603714046503e-01,1.042688069224041447e-01,1.030237906770618411e-01,1.018383528945789596e-01,1.009250633226114746e-01,1.002921735565205780e-01,1.001914374526790413e-01,1.010484923843648353e-01,4.818733073913473719e-01
3.530128031897204003e-06,3.713292547173866060e-06,3.985345212630412620e-06,4.342174942268101662e-06,4.893735931641058512e-06,5.780264803917070573e-06,7.384382983929039898e-06,1.100390707729367983e-05,2.591942511970617532e-05,3.854719661623930334e-05
5.458705136108727048e-03,5.342602826454941056e-03,5.277575065584770748e-03,5.216452019270562471e-03,5.160295280317845831e-03,5.110753094919992870e-03,5.079691508500792582e-03,5.067626233803069341e-03,5.113674901317999746e-03,-2.351806068722915935e-02
1.644668329737892182e-09,1.048870052001558328e-13,1.167261203236906979e-13,-5.214472735233823661e-12,-1.192779063796040919e-11,3.064122340317749696e-14,9.333626477847305886e-14,4.302772815163020599e-12,1.351189767546845371e-11,4.823851158243656283e-12
5.345439315966204336e-02,5.277802404015028565e-02,5.213439909232584629e-02,5.151449475543203038e-02,5.098127781618989884e-02,5.046343127335368994e-02,5.014616329137931705e-02,5.009777812897224514e-02,5.052440526708914387e-02,2.409419817259904062e-01
8.370916398826091299e-10,-5.437225582521543128e-13,4.375371632469284163e-14,-5.164602817960538740e-12,-1.351239563131670614e-11,1.136058708319781556e-13,6.404278440244659344e-14,-4.723681832260699971e-12,5.529398926045297429e-12,9.744601451309115432e-13
1.668937153900388105e-08,1.671313775591844642e-08,1.674766012251809760e-08,1.678224429200075430e-08,1.682799428842918257e-08,1.688105664926788538e-08,1.694348858186873548e-08,1.701724471711959435e-08,1.710118929483556851e-08,1.719975462478570243e-08
8.673900509034080498e-06,9.128962116911706852e-06,9.810049828350646234e-06,1.069543606609605892e-05,1.207739044176826834e-05,1.429517468493607476e-05,1.829155903505012579e-05,2.733164032095878530e-05,6.445838389522752228e-05,7.524325704611634080e-02
1.933930514605804738e-03,1.911211013718464849e-03,1.888176224894863673e-03,1.865754897430432768e-03,1.845131995761436485e-03,1.828049581949200628e-03,1.817070894343025258e-03,1.816652920364984942e-03,1.841255268461312834e-03,1.628869791389638555e-01
1.301669724817850415e-05,1.369927061471896642e-05,1.472087240114369416e-05,1.604890989216175076e-05,1.812176978545528683e-05,2.144831412094351899e-05,2.744259923579815441e-05,4.100180673796323947e-05,9.668445087318127676e-05,1.097109595267831555e-01
4.648950490326594139e-09,4.620231240607191537e-09,4.581979845773104056e-09,4.540958939684636808e-09,4.488826524024009002e-09,4.426784934138304502e-09,4.353609370488591298e-09,4.267782875504997493e-09,4.169028200646525060e-09,4.044591287197735989e-09
8.635185644648866990e-06,9.085586169054301592e-06,9.759377720663046980e-06,1.063452340232713722e-05,1.199893160706265799e-05,1.418439627787001722e-05,1.810954837148479616e-05,2.692730725964074978e-05,6.228318495874817331e-05,5.250061823116614762e-02
6.330552058077708322e-02,6.255990422724878874e-02,6.180367165751649017e-02,6.106482047464617535e-02,6.038210445934414500e-02,5.980858798057238357e-02,5.941881819813617932e-02,5.932164263236800600e-02,5.967708849282756661e-02,1.341151994986097969e-04
1.199749032911229599e-02,1.185709724046360783e-02,1.171510731348224948e-02,1.157682499259551565e-02,1.145021478160229353e-02,1.134612440407315771e-02,1.128085050858487759e-02,1.128251011279335532e-02,1.143418012622755831e-02,1.865614098630097861e-01
1.012843318840961002e-02,1.000886395949584368e-02,9.887517308967301577e-03,9.768917876066462655e-03,9.659246480008105984e-03,9.567028100799639459e-03,9.504245709713921020e-03,9.488427674046300345e-03,9.545745562269442389e-03,4.309097741414016621e-05
1.199749032794391115e-02,1.185709723923517381e-02,1.171510731243739258e-02,1.157682499145172052e-02,1.145021478057027010e-02,1.134612440329589751e-02,1.128085050785997655e-02,1.128251011225556329e-02,1.143418012588143413e-02,1.865614098633623374e-01
2.552502838135570391e-03,2.522370269771597329e-03,2.491693225831277843e-03,2.461866511713829350e-03,2.434193891417991366e-03,2.410896979674327818e-03,2.394972478155096667e-03,2.390793230406377135e-03,2.404799934281165018e-03,2.189894511145071792e-07
1.661009955054968887e-02,1.641413589882361260e-02,1.621530725278778895e-02,1.602102467649593048e-02,1.584149952499643021e-02,1.569079270183768374e-02,1.558876626304083433e-02,1.556503324223181689e-02,1.566926632740345618e-02,1.627429634711216044e-01
1.609612850464061440e-06,1.663505258355193792e-06,1.740952350684328172e-06,1.826522153027130678e-06,1.948553995716084143e-06,2.113483228512789835e-06,2.343491048343389082e-06,2.678291660667546318e-06,3.189214714970801092e-06,8.442799977122978278e-06
-5.770447654844677050e-08,-5.751334974660876302e-08,-5.737940871836364459e-08,-5.703307820610611528e-08,-5.677326939116157324e-08,-5.669852138408099513e-08,-5.664209740365188314e-08,-5.657646800674502276e-08,-5.651544325105625009e-08,-4.915150228871063983e-08
-4.112824889340274263e-08,-4.098445895637452989e-08,-4.089838864781830021e-08,-4.062141750999045846e-08,-4.043649315981598006e-08,-4.037823317840944868e-08,-4.032627481638523843e-08,-4.027213012573574781e-08,-4.021434333619464152e-08,-3.497155732868520412e-08
1.935126325334705260e-03,1.912455655984517978e-03,1.889492268189668384e-03,1.867159450775974453e-03,1.846666267705170811e-03,1.829769975776612692e-03,1.819060890636673301e-03,1.818972981824644886e-03,1.842534702742150334e-03,8.794391394137913986e-02
4.386713990500263110e-08,4.390629937655661191e-08,4.405872357006070948e-08,4.412032750830623423e-08,4.418646156688806362e-08,4.429637874860277865e-08,4.433663811613124023e-08,4.447905206500104448e-08,4.471276798861498078e-08,4.476178884550129925e-08
6.714899826566378976e-09,6.714756939790173746e-09,6.714812308762036997e-09,6.714869018392119887e-09,6.714925001258159239e-09,6.714968830420697839e-09,6.715014275414062703e-09,6.715069180161644452e-09,6.715121321251676009e-09,6.714680843527420978e-09
6.260475059347340998e-02,6.186632292374982106e-02,6.111696732132356619e-02,6.038447863515075675e-02,5.970666492283278892e-02,5.913551274551743370e-02,5.874337531293345044e-02,5.863336929113063117e-02,5.893251382838612940e-02,1.873451848239942672e-05
1.697986196770317688e-02,1.677937521940922952e-02,1.657589535174767287e-02,1.637700963210539026e-02,1.619306865949438068e-02,1.603835204698592087e-02,1.593290745435549383e-02,1.590603353804458803e-02,1.600122011029098124e-02,7.619914505179923268e-05
1.012843303387007607e-02,1.000886393003854076e-02,9.887517310030114609e-03,9.768917967182457612e-03,9.659246557488133586e-03,9.567028159262552789e-03,9.504245744341935018e-03,9.488427740223511625e-03,9.545745682145842861e-03,4.309096190419637305e-05
1.355767137090399711e-06,1.391546888174473518e-06,1.442120749387501178e-06,1.493615912805897319e-06,1.564690464147580833e-06,1.654646209731855335e-06,1.769673824609265814e-06,1.918679572576493967e-06,2.111094537259604991e-06,5.215978100574946782e-06
1.355817009637335518e-06,1.391512907928839238e-06,1.442133127985351017e-06,1.493655773499982758e-06,1.564690298078395427e-06,1.654651408108508026e-06,1.769627982842795066e-06,1.919156307871723731e-06,2.111092931293176610e-06,5.215977114568727889e-06
-1.077285068648296237e-06,-1.092859340880512819e-06,-1.138644145143820409e-06,-1.174386643114700406e-06,-1.215651497401267235e-06,-1.283704632421401811e-06,-1.360095142070794871e-06,-1.453487523792320854e-06,-1.571310848053673790e-06,-7.417052436696471930e-07
2.811429924632635500e-09,2.811658313821855989e-09,2.811990779044853395e-09,2.812334744977757413e-09,2.812779105964323771e-09,2.813292597405901538e-09,2.813892310178748603e-09,2.814592835937959340e-09,2.815381737214349499e-09,2.819132290929972310e-09
-2.196639304066313916e-06,-2.248619673259522060e-06,-2.346621118037938034e-06,-2.440027215715293147e-06,-2.562900173982033640e-06,-2.740506654215002855e-06,-2.967851394898834165e-06,-3.278190003506961143e-06,-3.719248580548235238e-06,-5.966787403107758186e-06
3.955394748314720037e-08,3.968040654526168944e-08,3.981034317837260255e-08,3.994114961217339356e-08,4.020417673697654399e-08,4.040810157912317189e-08,4.067688646154298971e-08,4.103084525001082589e-08,4.140863687553606272e-08,4.195103468027397815e-08
5.181887089579125065e-07,5.171694569201641342e-07,5.162567267780798865e-07,5.139378819718043393e-07,5.125124127559300963e-07,5.131265528752443083e-07,5.142902266389408881e-07,5.154984791654096182e-07,5.179488455225735836e-07,4.349163425295889783e-07
-4.741815616994191768e-02,-4.685806141201462327e-02,-4.628975637478243560e-02,-4.573373039979135996e-02,-4.521943299811120864e-02,-4.478640528261394749e-02,-4.449029561672304678e-02,-4.441218458876029090e-02,-4.467049583108131244e-02,-2.794542457354108657e-05
1.265251333871463726e-11,-2.698712826811989552e-11,1.153399849740244320e-10,1.207483053082566105e-11,5.153880087613624947e-13,-1.646364944099205050e-11,4.461535888334625278e-12,8.662439498234421865e-14,1.848155933458062900e-10,2.793858683862413905e-15
3.957325935080096115e-09,3.957444828859161747e-09,3.957660741127286855e-09,3.957892714525177717e-09,3.958190409417627547e-09,3.958514984513930050e-09,3.958888753719218460e-09,3.959327808408391364e-09,3.959837827129140952e-09,3.960079925519392306e-09
-8.603091898685027620e-06,-8.625178775899767315e-06,-8.659032145631222134e-06,-8.604469502462213241e-06,-8.538050290228192720e-06,-8.422051642633696615e-06,-8.245213064303144002e-06,-7.998068590914156402e-06,-7.657310050744408313e-06,-7.337585554613472678e-06
5.299048340289390653e-09,6.720693855510401240e-09,6.681376072616412818e-09,6.382527733639430400e-09,7.117722494977086015e-09,6.840296554685732271e-09,6.815666042509597361e-09,6.172325923035353265e-09,6.408280942446131654e-09,5.989691279898998494e-09
8.664603718236490068e-06,9.120096098441262840e-06,9.799944976233597780e-06,1.068503482230142481e-05,1.206704241880296031e-05,1.428463357135102518e-05,1.828208562961347898e-05,2.732076263876176934e-05,6.444668157604505965e-05,1.015077272283199106e-04
-8.604537223235645627e+00,-8.502963646962042432e+00,-8.399889644797607247e+00,-8.299146417616009686e+00,-8.206007669450555042e+00,-8.127728025931672207e+00,-8.074527512656391792e+00,-8.061528313634857668e+00,-8.113092576707156667e+00,-9.513236102638432001e+00
2.811437988924210981e-09,2.811835450006145413e-09,2.812248106247124305e-09,2.812773300974598895e-09,2.813402323970852633e-09,2.814098229518560830e-09,2.814908238828266164e-09,2.815865859496387504e-09,2.816986187578782784e-09,2.818198636037942786e-09
2.279595607339679568e-09,2.281568801591973238e-09,2.284131615045533303e-09,2.286991222629459345e-09,2.290611596335461576e-09,2.294917569066517479e-09,2.300054726594197887e-09,2.306120145931036880e-09,2.313176602474361311e-09,2.318765103779091195e-09
2.381199682758434994e-09,2.378114778726545484e-09,2.373982200830644001e-09,2.369409545102475611e-09,2.363606286703761448e-09,2.356594306708237229e-09,2.348261787453088381e-09,2.338386065092917172e-09,2.326858751111190989e-09,2.318775739956477661e-09
2.279591575334056962e-09,2.281564727618825266e-09,2.284127482202788169e-09,2.286987029763196785e-09,2.290607412394773543e-09,2.294913316965938935e-09,2.300050364140167266e-09,2.306115799127329209e-09,2.313172265437674749e-09,2.318758461513701363e-09
4.332024704544546496e-06,4.559564469263120732e-06,4.900122343699758637e-06,5.342835172079522007e-06,6.033846147678590646e-06,7.142800602801726739e-06,9.141130531204612168e-06,1.366160358501166488e-05,3.222849645448909450e-05,5.077302208783060483e-05
2.164489679769036612e-01,2.138918958784619684e-01,2.112943977813519780e-01,2.087575831134945714e-01,2.064082443230949304e-01,2.044286522610108126e-01,2.030713192796456401e-01,2.027002309416157111e-01,2.038128920353623752e-01,5.083532437561603874e-05
4.331168339686246355e-06,4.559874371240053003e-06,4.899924554669273985e-06,5.342417537458764336e-06,6.033514125945892930e-06,7.142673371621121948e-06,9.140237012937520809e-06,1.365908943528034601e-05,3.221881700313868101e-05,5.073462822434415402e-05
8.489349653762537458e-09,8.462945594337952289e-09,8.428022563152180843e-09,8.389854949502446168e-09,8.341393094483892768e-09,8.283425625116954297e-09,8.214685256247052476e-09,8.133626552994732446e-09,8.039673464018112871e-09,7.958446437593192502e-09
4.230503045348898620e-09,4.218018438242004168e-09,4.201762208256636102e-09,4.183469711776104820e-09,4.160525518036685785e-09,4.133053786955071692e-09,4.100641552410759677e-09,4.062444513937716704e-09,4.018002271693127417e-09,3.979531290966643642e-09
4.230034266206406938e-09,4.217563456244570002e-09,4.201079752081036346e-09,4.183053414192516582e-09,4.160180848617729355e-09,4.132829862838890359e-09,4.100405900214302484e-09,4.062176906272218974e-09,4.017868940560269008e-09,3.979720092773204246e-09
4.258307093881212926e-09,4.244398091162451303e-09,4.226040648643847951e-09,4.205936609808794772e-09,4.180433201936818583e-09,4.149924878693501621e-09,4.113745394630080328e-09,4.071075428669346890e-09,4.021605079435908870e-09,3.979069329622764804e-09
1.782182784911692983e-06,1.875981408027122014e-06,2.016371449441136411e-06,2.198877674590761792e-06,2.483751839366163175e-06,2.940946777144363467e-06,3.764870468756498009e-06,5.628965529019330582e-06,1.328924856244150104e-05,1.945353853161298219e-02
1.430116502784767867e-08,1.438461029402854109e-08,1.410664584279963327e-08,1.418763511908200675e-08,1.407455967656821713e-08,1.401513795719452272e-08,1.395712282076429300e-08,1.388262814784940226e-08,1.392665268089769117e-08,1.100160615531350141e-08
-1.035457829354107921e-09,-1.032027877624834281e-09,-1.026395792474115156e-09,-1.021388373503573842e-09,-1.014260465042409833e-09,-1.005911748458918506e-09,-9.960849201892708502e-10,-9.845034943251465786e-10,-9.710488533745884822e-10,-9.553082278154125455e-10
4.733268819721357851e-09,4.700335815534894682e-09,4.656398160361748252e-09,4.609179790621275191e-09,4.549107927023440095e-09,4.477568293198075783e-09,4.393101136802959515e-09,4.293920398784051653e-09,4.179613692407722070e-09,4.046305659095696336e-09
5.770236681372036600e-08,5.751087702151506214e-08,5.737706144176646795e-08,5.703011879529054971e-08,5.677144380328617529e-08,5.669693994933244998e-08,5.664062685589433198e-08,5.657519872774674547e-08,5.651474678044014198e-08,4.913545318436857122e-08
4.112624400317647827e-08,4.098248082917987181e-08,4.089674548087682382e-08,4.061943957120063740e-08,4.043474369932055099e-08,4.037667750395028335e-08,4.032512220000780993e-08,4.027107915206768519e-08,4.021368669877907780e-08,3.497190671538634567e-08
3.961483912044223958e-09,3.961483910806356443e-09,3.961483911603718022e-09,3.961483910886587172e-09,3.961483911865389991e-09,3.961483910942597226e-09,3.961483914234883597e-09,3.961483914482224662e-09,3.961483908421933054e-09,3.961483916486060597e-09
2.822843269568244427e-09,2.822541148911171417e-09,2.822242252481690999e-09,2.821848485472109099e-09,2.821383177579723017e-09,2.820876032294492498e-09,2.820287858256668436e-09,2.819591931556314572e-09,2.818773910933932430e-09,2.817949927394408028e-09
2.323980240138289612e-09,2.323639839472870637e-09,2.323265123084851557e-09,2.322819893771152575e-09,2.322268222277039646e-09,2.321663239806579513e-09,2.320923728435521621e-09,2.320067921204260481e-09,2.319085154212433613e-09,2.317957771908033861e-09
4.333510954252542685e-06,4.561230093779759315e-06,4.902068862277880973e-06,5.345176235555009403e-06,6.036863826403456645e-06,7.147066433662149621e-06,9.148154383282096005e-06,1.367728384209536399e-05,3.231465068585194966e-05,4.846274633200468862e-02
8.712964748595458100e-06,9.172754817500552825e-06,9.861251359354070977e-06,1.075705086659353902e-05,1.215688214334120154e-05,1.440769664285192501e-05,1.847726411248601432e-05,2.774829712206656354e-05,6.679099002101468821e-05,1.327481280655068985e-01
2.936159068607757314e-03,2.901578194177125477e-03,2.866244955917140146e-03,2.832077249970468922e-03,2.800294812707580967e-03,2.773552226811369474e-03,2.755321575871854355e-03,2.750653233079413881e-03,2.767139495207590703e-03,1.681403932512753066e-05
2.935264408740320165e-03,2.900616155734668609e-03,2.865451348046812920e-03,2.831081248337751020e-03,2.799296233914428788e-03,2.772563626782110612e-03,2.754341581881437993e-03,2.749675689922059622e-03,2.765968554341126980e-03,1.675318816743542313e-05
8.673798778274854020e-06,9.128848377580041595e-06,9.809915419850535439e-06,1.069527462330623954e-05,1.207718146009679072e-05,1.429487726011896770e-05,1.829106850163469795e-05,2.733053998998341330e-05,6.445230694942368172e-05,7.314600186777683866e-02
9.560795767175951090e-08,9.605590455466887721e-08,9.631432702302912489e-08,9.647870367773845186e-08,9.683291614699177226e-08,9.720176943611910126e-08,9.763372209681844339e-08,9.823397815274132637e-08,9.870211252105438410e-08,9.938739235122319864e-08
2.915338718995684357e-08,2.916135195519381187e-08,2.916340688278481651e-08,2.917062471657288263e-08,2.917658149392432969e-08,2.918289152693784222e-08,2.918954976192240222e-08,2.919793788514627756e-08,2.920813733607489332e-08,2.919483760422887706e-08
1.472493940943264786e-09,1.473827425324100606e-09,1.475541250994065169e-09,1.477471351012436482e-09,1.479906569237103659e-09,1.482801581671063134e-09,1.486237220110695017e-09,1.490301927071397882e-09,1.495052548212007031e-09,1.498839763097247866e-09
1.520928793904773731e-09,1.519853023772733230e-09,1.518377525429657793e-09,1.516766880808476077e-09,1.514712008805621189e-09,1.512213525719935384e-09,1.509228804307618932e-09,1.505693257699720570e-09,1.501581101819299011e-09,1.498844952019452166e-09
1.757425743986818819e-08,1.757342187584219857e-08,1.757248191937104450e-08,1.757148456247168375e-08,1.757023888984564616e-08,1.756880531997697345e-08,1.756715566809855486e-08,1.756525998403919832e-08,1.756311769471838823e-08,1.755439122219374406e-08
-3.058251405819683683e-09,-3.057848668132268996e-09,-3.057497687598698494e-09,-3.057003896599573921e-09,-3.056424074508071279e-09,-3.055834178591192915e-09,-3.055167952810924408e-09,-3.054385333668760584e-09,-3.053427958730618023e-09,-3.051997515963763022e-09
9.194468886824695384e-09,9.795994122917164876e-09,9.299270920549854506e-09,1.104575390539806429e-08,1.025401399352591033e-08,9.598372322349899569e-09,1.044446673665852944e-08,1.095494218669709702e-08,9.286956568740163162e-09,1.027433794222625015e-08
4.021957485471926557e-06,4.233938430444512821e-06,4.551210518837807039e-06,4.963656934207463212e-06,5.607438301978433812e-06,6.640634872893977920e-06,8.502584166120088173e-06,1.271524858681340033e-05,3.002863419290012443e-05,7.209064522994788893e-02
1.661007807974977310e-02,1.641413234866192020e-02,1.621533252313260912e-02,1.602109584431352443e-02,1.584165028429726507e-02,1.569109175178708820e-02,1.558938067595050034e-02,1.556650435396657144e-02,1.567500173404485012e-02,7.210102588472697138e-02
1.661007807898930155e-02,1.641413234790944572e-02,1.621533252240333484e-02,1.602109584361368494e-02,1.584165028364249717e-02,1.569109175119346236e-02,1.558938067543996428e-02,1.556650435356604460e-02,1.567500173378111664e-02,7.210102588596047080e-02
3.935614827353480740e-09,3.936818836532539378e-09,3.938481158993373749e-09,3.940211423425073780e-09,3.942465889628207572e-09,3.945100834744253179e-09,3.948198557047299673e-09,3.951839246616643982e-09,3.956014621383348913e-09,3.961207632240974764e-09
3.934387513985987298e-09,3.935320706566842777e-09,3.937051138606749789e-09,3.938969307851369121e-09,3.941253555457920599e-09,3.944013834211997281e-09,3.947391091023329589e-09,3.951238934146644505e-09,3.955779793202146285e-09,3.961743524384072111e-09
3.933697600545228069e-09,3.934637995999837849e-09,3.936389931520514498e-09,3.938336079519542254e-09,3.940662994696306967e-09,3.943481478811534286e-09,3.946938273939396761e-09,3.950891970066851992e-09,3.955564830188372752e-09,3.962938435292450661e-09
-5.438221695123154258e-07,-5.686946672131702218e-07,-6.053161397808375805e-07,-6.505799017381994882e-07,-7.185666436985787834e-07,-8.205031908946895086e-07,-9.850244061197496107e-07,-1.286972192345742385e-06,-1.986302601475333242e-06,-6.083825284009180900e-06
6.592107628326396368e-09,6.597573578916882076e-09,6.605257939842431940e-09,6.613103833913202617e-09,6.623367834297940405e-09,6.635468882373811918e-09,6.649696925912719932e-09,6.666366658000724330e-09,6.685401181726311024e-09,6.717333195196752632e-09
1.023053623899330133e-01,1.010988920841715544e-01,9.987479761546570745e-02,9.867860843898008938e-02,9.757263238576502351e-02,9.664260108730955701e-02,9.600868750681476604e-02,9.584604480984228181e-02,9.641121334067438708e-02,1.537475459926770178e-04
2.885427612338695167e-06,3.037210705878144560e-06,3.264390114984417840e-06,3.559729836797307674e-06,4.020743176094141171e-06,4.760672386530658093e-06,6.094277016253985254e-06,9.112277563265472845e-06,2.152581226979999313e-05,3.780758295221367526e-02
2.885441189668042346e-06,3.037210705872434711e-06,3.264390114986535846e-06,3.559729836790245960e-06,4.020743176086068947e-06,4.760672386518863159e-06,6.094277016230191251e-06,9.112277563196212655e-06,2.152581226913024079e-05,3.780758816536117228e-02
1.051611163706739696e-02,1.039232299086988685e-02,1.026683445270366347e-02,1.014432523568779831e-02,1.003140328785313319e-02,9.937134661346687728e-03,9.874550810358907749e-03,9.863966253944603246e-03,9.947617090619496893e-03,7.562535285536367557e-02
3.950094742800730545e-09,3.950649579252369752e-09,3.951400404969699824e-09,3.952201782766306755e-09,3.953238402774151805e-09,3.954431035839640973e-09,3.955830729665670267e-09,3.957481750501254087e-09,3.959389370138720463e-09,3.960632180710955526e-09
3.948890392626406267e-09,3.949171686510185176e-09,3.949988243045890300e-09,3.950973299968169959e-09,3.952038067603820532e-09,3.953352751870624132e-09,3.955028729614109562e-09,3.956884052091302569e-09,3.959155122363879925e-09,3.961168190580080964e-09
3.948577797411982387e-09,3.948862345415713216e-09,3.949688678251378389e-09,3.950686426839426995e-09,3.951770576240241182e-09,3.953111710700101452e-09,3.954823848727551977e-09,3.956727302862960000e-09,3.959058399593941672e-09,3.961206784733959547e-09
-4.320982586252543662e-06,-4.535929312131903020e-06,-4.855889121515571368e-06,-5.264894508111793279e-06,-5.895625880701017810e-06,-6.887356031105284258e-06,-8.620856477815197534e-06,-1.235282475195250318e-05,-2.632634253007807415e-05,-3.781504772161607686e-02
5.722156980396776747e-06,5.898511268736544431e-06,6.152164676872907602e-06,6.428094771428859669e-06,6.816800494864173500e-06,7.333629151419111845e-06,8.037571468340232143e-06,9.033053504585779892e-06,1.048478361466056291e-05,1.484441690552600358e-05
1.142963623550281513e-02,1.129466233124682209e-02,1.115766255666124883e-02,1.102376173127194402e-02,1.089990113398776710e-02,1.079568889426762296e-02,1.072458491082023575e-02,1.070623462725090076e-02,1.076951711106623188e-02,3.559017331740884911e-05
-1.828730033544227554e-08,-1.745804199984452979e-08,-1.699993562775583635e-08,-1.760844846904704072e-08,-1.768171315183190015e-08,-1.748605313913061327e-08,-1.765801840073608249e-08,-1.774346871736141361e-08,-1.759683672032144660e-08,-1.900238247979916900e-08
1.023053623881029911e-01,1.010988920866688900e-01,9.987479762682420492e-02,9.867860844779803575e-02,9.757263238592722709e-02,9.664260107624743357e-02,9.600868750459340406e-02,9.584604480459900377e-02,9.641121334732614956e-02,1.537475395653680290e-04
7.487867000562452282e-08,7.407338292633087505e-08,7.437119676233323354e-08,7.431742170553554571e-08,7.458103073410311425e-08,7.856006613050171558e-08,7.492626256407765006e-08,7.532872310516019932e-08,7.703944272693352982e-08,7.593388974425231960e-08
5.613636561230212152e+01,5.613926429950910091e+01,5.614237334076665320e+01,5.614526734344335779e+01,5.614801208176943703e+01,5.615042052923396909e+01,5.615226444914808468e+01,5.615299365911580054e+01,5.615221244714238225e+01,5.586421058558708097e+01
-5.633009697907260716e+01,-5.633071131548268085e+01,-5.633150289639529973e+01,-5.633213259911569537e+01,-5.633278503688416095e+01,-5.633343664863110689e+01,-5.633408965585928740e+01,-5.633453521486563176e+01,-5.633492887350656275e+01,-5.612314594145464497e+01
-2.012040468856248348e-08,-1.924061900368104076e-08,-1.870365483593356530e-08,-1.933598319024138950e-08,-1.946977203900082647e-08,-1.927710537330504365e-08,-1.947205627531037297e-08,-1.955355202047879867e-08,-1.920191903348807902e-08,-2.072750707182279596e-08
3.954509877896718043e-09,3.954813564455654332e-09,3.955240934267115300e-09,3.955703213346582019e-09,3.956295433764142647e-09,3.956966141862344629e-09,3.957749190864384112e-09,3.958671834590223767e-09,3.959737519581784030e-09,3.960405170235706115e-09
3.953312839685893574e-09,3.953342023367295338e-09,3.953834287272389783e-09,3.954478366874100341e-09,3.955098553843113049e-09,3.955888636555932827e-09,3.956948799327957628e-09,3.958104084489953931e-09,3.959503348881048031e-09,3.960941347092760609e-09
-5.633009697503308644e+01,-5.633071131160694023e+01,-5.633150289174250958e+01,-5.633213259525442851e+01,-5.633278503291541028e+01,-5.633343664460976896e+01,-5.633408965194929863e+01,-5.633453521077613857e+01,-5.633492886917402132e+01,-5.612314593752624603e+01
1.142963235304396419e-02,1.129466232609980560e-02,1.115766255192961708e-02,1.102376177475181303e-02,1.089990119621068489e-02,1.079568889984240665e-02,1.072458491957858744e-02,1.070623416528181972e-02,1.076951715243262137e-02,3.558966637423434452e-05
8.688697515523217572e-09,5.896938856529770035e-08,1.397358104389913424e-07,2.683216132868966084e-07,4.902145124185907678e-07,9.007164916770008351e-07,1.764226950007287782e-06,4.072250732462101750e-06,1.534167588927867903e-05,3.780012713311543121e-02
1.277402531912956138e-08,1.534466495292458407e-08,7.802602365187100821e-09,1.525159504971343219e-08,1.513298939951118309e-08,1.365340054817735818e-08,1.520877197370583830e-08,1.527809853867161299e-08,1.013317858423928889e-08,1.545904965905505329e-08
8.673796666022750719e-06,9.128845884975467448e-06,9.809914297243020069e-06,1.069527212809695776e-05,1.207717908898490166e-05,1.429487596269253241e-05,1.829106662590651461e-05,2.733053923129595501e-05,6.445230611101573893e-05,7.314600186844251450e-02
6.416822453043178584e-09,6.430913555336508128e-09,6.450587128676819960e-09,6.470397579910015037e-09,6.496435165017686181e-09,6.526927904535152201e-09,6.562618273295254476e-09,6.604274299851429790e-09,6.651843086766262681e-09,6.710440831452372422e-09
6.397285617712391351e-09,6.411841196514042138e-09,6.432433769325386987e-09,6.453161068256987849e-09,6.480411071151842354e-09,6.512428343680376423e-09,6.549925571833474632e-09,6.593683811782189723e-09,6.643604073681506931e-09,6.709224128656152980e-09
8.673796925528505820e-06,9.128845957480926997e-06,9.809913867871893674e-06,1.069527246933838361e-05,1.207717926499839553e-05,1.429487588556612528e-05,1.829106653124195996e-05,2.733053906009694220e-05,6.445230595063213745e-05,7.314600451887623422e-02
6.851428773164491316e-03,6.770511253816517173e-03,6.688378036984637606e-03,6.608091750372260820e-03,6.533822174188487313e-03,6.471323941396858216e-03,6.428661740554481897e-03,6.417605860812654502e-03,6.455474545925384867e-03,3.310816935638295744e-05
4.383262860780026693e-01,4.331389453598840644e-01,4.278730816447672280e-01,4.227197172573859407e-01,4.179507282049446659e-01,4.139327606973354223e-01,4.111811740355515998e-01,4.104467437355576731e-01,4.128287970277542684e-01,4.412786882596461875e-04
5.616424279476734197e-09,5.614981382378755885e-09,5.613787147256740522e-09,5.610639931365638250e-09,5.607975440686631314e-09,5.605307191504764832e-09,5.602068168179373184e-09,5.598126203285578362e-09,5.593024055014412957e-09,5.486293816218039396e-09
9.183926560237731448e-03,9.076399167709831017e-03,8.967602644274492996e-03,8.861644796491310525e-03,8.764561541883628820e-03,8.684645160066443992e-03,8.634281903479149728e-03,8.634757744110852645e-03,8.748465884444988142e-03,2.746652449858476008e-01
3.982653797130021245e-09,3.982358643482822492e-09,3.982163555775187808e-09,3.981535952099251876e-09,3.981000516091172951e-09,3.980495764601073652e-09,3.979873605338676757e-09,3.979117135782699764e-09,3.978189412435577840e-09,3.905703903454218007e-09
2.887560647667726417e-06,3.034575149126791605e-06,3.267979825400207681e-06,3.565103157121242481e-06,4.024673716162005778e-06,4.752976761588417633e-06,6.095964986434498674e-06,9.120612615670688409e-06,2.155315257246246820e-05,3.342687625629633952e-02
7.897226936029019929e-08,7.750289747206875899e-08,7.942962712297249550e-08,7.704967001578208903e-08,7.680373086689371656e-08,7.774090533304376678e-08,7.853760887232556845e-08,7.879608305213261104e-08,7.504623926934037290e-08,7.990265285711027603e-08
6.330525691631679053e-02,6.255962670490347599e-02,6.180337399740511856e-02,6.106449756748585228e-02,6.038174429343686617e-02,5.980817195893051164e-02,5.941831160449647514e-02,5.932097165304500708e-02,5.967604007999736254e-02,1.313136531317639312e-04
4.268443806213539812e-09,4.266372236063219652e-09,4.264813032238531822e-09,4.263022403839539519e-09,4.260873357235179477e-09,4.258449790470708377e-09,4.255607482696580976e-09,4.252224457120014401e-09,4.248431308861866710e-09,4.245825739184450018e-09
-4.198563948786113323e-09,-4.197645200149624561e-09,-4.197415486778971658e-09,-4.196890942330654602e-09,-4.196439248724555537e-09,-4.195974145280222420e-09,-4.195429374744969117e-09,-4.194760641587671914e-09,-4.194065283558149498e-09,-4.194613713965921208e-09
2.273670587311895014e-04,2.246851446789324843e-04,2.219488551764008544e-04,2.192950256220759875e-04,2.168286467555023624e-04,2.147511787078810715e-04,2.133302473690235318e-04,2.129547939220564413e-04,2.142034136746992273e-04,3.880175468618823959e-08
1.447209517397087135e-06,1.559395661086578080e-06,1.242252132381891105e-06,1.581092747877721842e-06,1.559114294711252721e-06,1.512220959222363522e-06,1.464961610285204279e-06,1.424250099257461382e-06,1.662112163807314629e-06,4.509874893994433347e-08
7.234919273237240100e-05,7.149647429837627103e-05,7.062427230290150692e-05,6.978172602060732312e-05,6.899697471759439935e-05,6.833585474620014445e-05,6.788363154557759389e-05,6.776411531850552836e-05,6.816300990344463246e-05,5.580661130820968970e-08
2.273670638280899422e-04,2.246851491521638128e-04,2.219488617059617633e-04,2.192950299159017805e-04,2.168286509225733475e-04,2.147511828630606627e-04,2.133302517381396575e-04,2.129547980721272719e-04,2.142034169949352676e-04,3.535530656400456371e-08
2.273670716548809696e-04,2.246851559596716038e-04,2.219488779044700912e-04,2.192950364551685756e-04,2.168286572724183951e-04,2.147511891970719134e-04,2.133302584721568913e-04,2.129548044735327464e-04,2.142034220473447946e-04,4.936289590064967587e-08
2.273670664455759499e-04,2.246851514434959217e-04,2.219488664043343679e-04,2.192950321152501228e-04,2.168286530567499720e-04,2.147511849901552786e-04,2.133302539803882535e-04,2.129548001993168097e-04,2.142034186833839378e-04,3.771437013374904504e-08
2.273670743505771207e-04,2.246851582742515280e-04,2.219488844064604165e-04,2.192950386794426717e-04,2.168286594327476565e-04,2.147511913403108959e-04,2.133302607972775375e-04,2.129548066879126845e-04,2.142034237591952911e-04,5.754943227025058676e-08
2.273670613057737647e-04,2.246851469445119726e-04,2.219488584484813505e-04,2.192950277959442506e-04,2.168286488642210796e-04,2.147511808078002142e-04,2.133302495704865291e-04,2.129547960105310981e-04,2.142034153478192032e-04,3.561920830986420962e-08
2.273670690718630229e-04,2.246851537304302897e-04,2.219488721333577434e-04,2.192950343119514397e-04,2.168286551896227350e-04,2.147511871176203393e-04,2.133302562387615650e-04,2.129548023452463483e-04,2.142034203783313971e-04,4.247949053848067893e-08
1.447207697103552700e-06,1.559393917408944023e-06,1.242249423693159640e-06,1.581091061917279788e-06,1.559112703978231417e-06,1.512219484193102183e-06,1.464960127809599856e-06,1.424248855134935036e-06,1.662111000240689944e-06,4.115703030260632429e-08
1.447206494366218229e-06,1.559392505377646328e-06,1.242248294619026079e-06,1.581089690969302225e-06,1.559111433496179724e-06,1.512218398741754729e-06,1.464959215212405921e-06,1.424248212043452192e-06,1.662110117548923407e-06,3.580672090338127908e-08
4.028006550267630919e-07,4.377889190695710520e-07,3.362456050005310386e-07,4.411944857048044809e-07,4.319900695285405432e-07,4.149099898361356177e-07,3.979061253759391291e-07,3.830857588611383642e-07,4.522083500986654624e-07,1.809504247451281788e-08
3.400896216329283613e-08,3.342952114381205801e-08,3.311638761463264109e-08,3.365431551376372071e-08,3.359799527913883680e-08,3.368737964577475671e-08,3.385197383341498579e-08,3.387454645754026986e-08,3.414594455681907996e-08,3.494723743894775424e-08
-5.570152032407881971e-08,-5.955975621016508060e-08,-5.938880924274483808e-08,-5.925387468726473440e-08,-5.920217578760393367e-08,-5.895423801302797169e-08,-5.889305376254706574e-08,-5.815606455461651617e-08,-5.924301906269987281e-08,-5.306082920746102316e-08
2.803971495942282968e-02,2.770879537944724580e-02,2.737299563763825883e-02,2.704485837981400118e-02,2.674155222976191959e-02,2.648678154400830459e-02,2.631396653559047241e-02,2.627274001083870075e-02,2.644451991769388582e-02,7.213661873709881212e-02
-6.458611001949631824e-10,-7.010140014611670667e-10,-5.594872215215512994e-10,-8.058023880800851009e-10,-8.129097992536391482e-10,-8.986492098911252368e-10,-9.503171869013268065e-10,-1.030470532550514166e-09,-1.072690871321267269e-09,-2.675572224427254334e-09
1.142963688114397025e-02,1.129466303207274543e-02,1.115766311591213922e-02,1.102376253689119588e-02,1.089990194677185539e-02,1.079568979276403391e-02,1.072458586101623403e-02,1.070623565764027008e-02,1.076951818371411733e-02,3.559284894187758494e-05
1.102682269830497273e-07,1.158351379243619982e-07,1.073304657672381835e-07,1.228174605076794225e-07,1.262058086582631618e-07,1.299814334239424122e-07,1.361261019938201372e-07,1.426900005681050664e-07,1.602228974400842942e-07,-1.641291464974499632e-08
5.819079344772874203e-10,5.796982192837846380e-10,5.939791676684968082e-10,5.933206981154020369e-10,5.649186958517150242e-10,6.154961596215685409e-10,6.297258422763948764e-10,7.163280882288354107e-10,6.809457212677717187e-10,5.560305775559723446e-10
2.480304540661748301e-08,2.488790249295740207e-08,2.459505975848685445e-08,2.487462007320954140e-08,2.483896446876450388e-08,2.481748519035425908e-08,2.478011679054850368e-08,2.474454580324781386e-08,2.488121201290361158e-08,1.326715337103687623e-08
2.480310432569848230e-08,2.488789437864513176e-08,2.459506191879693604e-08,2.487462570402095559e-08,2.483897098439266253e-08,2.481748628991013458e-08,2.478011572423478030e-08,2.474434976195551394e-08,2.488134614654578963e-08,1.326715281841516102e-08
8.447623553703623983e-09,8.510072477064878682e-09,8.562824753304928868e-09,8.455421723766873345e-09,8.468404100442235469e-09,8.453450303472505137e-09,8.430126907421538042e-09,8.451568375854581284e-09,8.387260555760209938e-09,9.576038174651810923e-09
8.447641555910526089e-09,8.510072633736617284e-09,8.562824660667792509e-09,8.455423292936353574e-09,8.468405672579133501e-09,8.453451289370421007e-09,8.430126798825606125e-09,8.451567310495970273e-09,8.387276076930478252e-09,9.576037795173480196e-09
5.475872125741467215e-09,5.588067835692018153e-09,5.564553217276615422e-09,5.562065988917342307e-09,5.581502052013935853e-09,5.554424767416075419e-09,5.526773051654272792e-09,5.538776335371534878e-09,5.513894050861706222e-09,2.807333004094219558e-09
5.475899607332938717e-09,5.588065808323360595e-09,5.564554186482967863e-09,5.562069131930429918e-09,5.581505765833628637e-09,5.554426179217781783e-09,5.526772749796910596e-09,5.538734932061283836e-09,5.513941695487702680e-09,2.807332533077010511e-09
-6.386957896836560854e-10,-6.506775939195568562e-10,-5.815084236533227747e-10,-6.589257401839538685e-10,-6.471584652211810166e-10,-6.488695383142564442e-10,-6.494968655265872873e-10,-6.407331175188117417e-10,-6.648310736918979235e-10,4.447611340680635933e-10
-6.387181712391468103e-10,-6.506713376807122875e-10,-5.815096264909988188e-10,-6.589276264033610087e-10,-6.471605153955492752e-10,-6.488690379144025534e-10,-6.494962302825653507e-10,-6.406241880195271179e-10,-6.649053888722754829e-10,4.447619165563579239e-10
2.971120141945865811e-08,2.989595707255286652e-08,2.939848497962587847e-08,2.989064694462588555e-08,2.985474459402574391e-08,2.980511465716149038e-08,2.973403683255827087e-08,2.967514387447830892e-08,2.993072034158742544e-08,1.234832932253329312e-08
2.971127330133272686e-08,2.989594899250444542e-08,2.939848832377557434e-08,2.989065528042743474e-08,2.985475474678667007e-08,2.980511760170214478e-08,2.973403572180365366e-08,2.967487146033123000e-08,2.993087402811953311e-08,1.234832872658082994e-08
3.939589296441011723e-08,3.936872425111002241e-08,3.932292369040835571e-08,3.928593268109934843e-08,3.923100111401020393e-08,3.916296357376050715e-08,3.908206810028975379e-08,3.898801926076374575e-08,3.887290126526606739e-08,3.895848945740854905e-08
7.090197671902097396e-05,6.993707318435201596e-05,6.938200553076424935e-05,6.820062804005719314e-05,6.743785534589926388e-05,6.682362853759255851e-05,6.641866362356376200e-05,6.633985921873563284e-05,6.650089378378946914e-05,5.418037313463785984e-09
2.490029708955508953e-08,2.488507745938808623e-08,2.486085716762695088e-08,2.483979172355208282e-08,2.480988324523155704e-08,2.477320393832446895e-08,2.472978016680110265e-08,2.467940891322563710e-08,2.461890298338832316e-08,2.465937460345703225e-08
3.382129950364070320e-08,3.379988014189466125e-08,3.376428512354714570e-08,3.373494885803189569e-08,3.369195251844473927e-08,3.363883550563357626e-08,3.357579594677708529e-08,3.350264355491874712e-08,3.341365170121122447e-08,3.347032704179075566e-08
2.437839294598791520e-02,2.409047158872687153e-02,2.379821662908158941e-02,2.351251489849232740e-02,2.324819262165281689e-02,2.302569639808206559e-02,2.287365773856498558e-02,2.283378160976094404e-02,2.296706790235561804e-02,2.507402254761590532e-05
2.731380721535106235e-02,2.699123792926800755e-02,2.666381841670252897e-02,2.634374686269055910e-02,2.604764044385726382e-02,2.579841209791382609e-02,2.562815208728367114e-02,2.558361104998577162e-02,2.573319137372089352e-02,4.198186805268665326e-05
2.893317945876454127e-08,2.891027977966844184e-08,2.885399834152257676e-08,2.880961282629781559e-08,2.875924120263027596e-08,2.874818234606581796e-08,2.874539175343389336e-08,2.873622207143986520e-08,2.875580751613647004e-08,2.711659602046292715e-08
9.884358666447661327e-09,9.885034928282114173e-09,9.887807458662633676e-09,9.890109214912100687e-09,9.893482298679627372e-09,9.897065976806067790e-09,9.901171952522862657e-09,9.906045231783886315e-09,9.911769659417980546e-09,9.916589670914430751e-09
1.414635786195978807e-08,1.414779494350876170e-08,1.415294168724404680e-08,1.415729824900857665e-08,1.416357705520161144e-08,1.417027638063824553e-08,1.417793729205422496e-08,1.418698579153826198e-08,1.419753173049317660e-08,1.420842661549225997e-08
-1.072638402880768657e-06,-1.110189522769666947e-06,-1.164179466619203592e-06,-1.225076025805665012e-06,-1.312979322236832448e-06,-1.433119694273272058e-06,-1.603433563889796107e-06,-1.858369354808381004e-06,-2.263152481889536729e-06,-4.713829276147523896e-06
-3.138388431212132956e-02,-3.101342825250705607e-02,-3.063718729324775916e-02,-3.026974287718212434e-02,-2.992968065863235022e-02,-2.964349359505862730e-02,-2.944802110524569888e-02,-2.939675196615167130e-02,-2.956598111759674297e-02,-2.420868410766452872e-05
3.813997520258083802e-08,3.629320541176239128e-08,3.389765947841617694e-08,3.620707250595141182e-08,3.596824175002110800e-08,3.528185948087801062e-08,3.670079472616728755e-08,3.671167486516421036e-08,3.293706080447483395e-08,3.332831407528882120e-08
-1.365697278103729373e-02,-1.349568621817189180e-02,-1.333197523559529786e-02,-1.317193750941643947e-02,-1.302388287969404208e-02,-1.289926751471259965e-02,-1.281413670111646724e-02,-1.279186596631260581e-02,-1.286665686641189424e-02,-2.099093647710236068e-05
-5.069746712510458594e-03,-5.009850685260349920e-03,-4.949170849256765738e-03,-4.889706543313432179e-03,-4.834753654874234495e-03,-4.788621719916898514e-03,-4.757212267243929489e-03,-4.749490953233629492e-03,-4.779807169615034323e-03,-7.867334405065278517e-06
1.308522711036740432e-08,1.181314041508613297e-08,1.179758579540036243e-08,1.219506964188487268e-08,1.241221861993825306e-08,1.210308207922741424e-08,1.249209833117458956e-08,1.243168401737635840e-08,1.267452031022594616e-08,1.367622114021678570e-08
1.132210153639253963e-07,1.185184860823850108e-07,1.089943686590579146e-07,1.238707313041739930e-07,1.261049740183753887e-07,1.278931714856969016e-07,1.300771288201111119e-07,1.329842968239636442e-07,1.494080425942647405e-07,6.980452103799441680e-07
1.293315996910929696e-05,1.361379385524444973e-05,1.463271253804207642e-05,1.595769771230905000e-05,1.802687925113734846e-05,2.135029365979989084e-05,2.734716732496590569e-05,4.094473231292014272e-05,9.685416608693446635e-05,1.314437220287685837e-01
-1.821044132790861957e-08,-1.739542577627778484e-08,-2.070646989762436325e-08,-1.649949057601811358e-08,-1.580616224774046251e-08,-1.504456556235442523e-08,-1.438822279038586941e-08,-1.307917188359519963e-08,-1.100318473099525361e-08,-8.849201632209762528e-07
-8.822152834169029845e+00,-8.718015113057806076e+00,-8.612335285851393962e+00,-8.509052222449568603e+00,-8.413561131216422240e+00,-8.333301585568692715e+00,-8.278747814171559583e+00,-8.265389768179186802e+00,-8.318106205076970738e+00,-9.460656905890706625e+00
-3.567369057205083400e-08,-3.563748979771797814e-08,-3.559524782325581733e-08,-3.553292073614847186e-08,-3.546588628148104395e-08,-3.539140785251613871e-08,-3.530278695471159359e-08,-3.519745800080161199e-08,-3.507123155049323162e-08,-3.387768771297067050e-08
-3.976865950452635468e-01,-3.929949169290448130e-01,-3.882420404378613688e-01,-3.835887256590782002e-01,-3.792946686830254155e-01,-3.756915260895956621e-01,-3.732551846521059424e-01,-3.726976319428941253e-01,-3.752335544689900937e-01,-1.068123973278209293e+00
6.458914090486109854e-10,7.010506221864851119e-10,5.595333322882888481e-10,8.058396472976232445e-10,8.129465869206426141e-10,8.986839527124973446e-10,9.503439486048470549e-10,1.030484605599074683e-09,1.072697594101495497e-09,2.675473959730073106e-09
1.462931033177313344e-08,1.388121301005550242e-08,1.358258248871489487e-08,1.393814785657636756e-08,1.405519413753718468e-08,1.390889870785089674e-08,1.402797964600243222e-08,1.412531357069956348e-08,1.442660901827540603e-08,1.554958820497279613e-08
-4.337049808312912169e-06,-4.564468909168511132e-06,-4.904836811870726839e-06,-5.347280594585371916e-06,-6.037824930626668472e-06,-7.145902565539566278e-06,-9.142231203529155997e-06,-1.365599309343320614e-05,-3.215498985392467449e-05,-1.844383618648684881e-06
3.946477332384610022e-08,3.932807174968391979e-08,3.925867006899348223e-08,3.897612654422237921e-08,3.879833339136536414e-08,3.878488003539895709e-08,3.880433331429445849e-08,3.881417292781059623e-08,3.886256503340150578e-08,3.154382285391210938e-08
4.495503958250283288e-02,4.442407152678291143e-02,4.388510389964563746e-02,4.335820683582018720e-02,4.287071384051563405e-02,4.246030042651779968e-02,4.217967896095815850e-02,4.210541943940813298e-02,4.234718714464961314e-02,2.985403275839467287e-05
1.365508976029930704e-08,1.362644154029586449e-08,1.366530930438883134e-08,1.357912546085069536e-08,1.348448517926319183e-08,1.359147228118936602e-08,1.360722517127782546e-08,1.356465677222374734e-08,1.219527711487752657e-08,1.092921437388543522e-08
-2.040640654547782405e-08,-1.752499805552451760e-08,-1.879627127048822116e-08,-2.028690576435484984e-08,-1.882581210099467538e-08,-1.754117281088643821e-08,-1.904816108220647447e-08,-1.844684751507299997e-08,-1.933073032735047341e-08,-1.844281377282797580e-08
8.990604852012379355e-02,8.884420689675430471e-02,8.776636810903573616e-02,8.671266591054319073e-02,8.573776386275004657e-02,8.491700800075992206e-02,8.435581176027680261e-02,8.420730551511117212e-02,8.469080077036125753e-02,5.972051242060361342e-05
4.122447632119541500e-08,4.053778681781734496e-08,4.011409667897235460e-08,4.046522989446180498e-08,4.026716154366567609e-08,4.045321629225586839e-08,4.058828384412035177e-08,4.052079491057829518e-08,3.821815237780370091e-08,3.554996496875549845e-08
1.348610188678566468e-01,1.332682103767354465e-01,1.316514029529639029e-01,1.300708036329311090e-01,1.286084090415650638e-01,1.273772385627034431e-01,1.265354215587820574e-01,1.263126555892732095e-01,1.270379212545439396e-01,8.951345581199805822e-05
5.000450522088179923e+02,5.000442983167640705e+02,5.000435026360586903e+02,5.000427085876412434e+02,5.000419762606983340e+02,5.000413709884147693e+02,5.000409470125718485e+02,5.000408200101414877e+02,5.000411509926781832e+02,4.999776519627126277e+02
4.999101911228531208e+02,4.999110300399855760e+02,4.999118511670652083e+02,4.999126377177357199e+02,4.999133677856772806e+02,4.999139936835721869e+02,4.999144115245845796e+02,4.999145072882340628e+02,4.999141130085095028e+02,4.999775623906159012e+02
5.570931286258672834e-08,5.521345400964622158e-08,5.500218221753264262e-08,5.508648889508407198e-08,5.479626628984861483e-08,5.509787679138533268e-08,5.521357905999422738e-08,5.509854161537781901e-08,5.131018966426343193e-08,4.736992203328487595e-08
1.293744203898847498e-05,1.361806258836889590e-05,1.463696360907965691e-05,1.596192979188873723e-05,1.803108724030150765e-05,2.135447297230914422e-05,2.735131281789654497e-05,4.094883814790981546e-05,9.685822629670510250e-05,1.314437260385610540e-01
4.281588465704379017e-09,4.268257122513929573e-09,4.250610409589395850e-09,4.231637827927432936e-09,4.207576439710411020e-09,4.178938980328040445e-09,4.145172442994525938e-09,4.105584385254601017e-09,4.060045647330857026e-09,4.009948819602628130e-09
1.052899369576036359e-01,1.040466733553697121e-01,1.027847837404990555e-01,1.015512404159013837e-01,1.004101882710839860e-01,9.944997884960868340e-02,9.879439465871037163e-02,9.862383627004643605e-02,9.920243345697560278e-02,1.093271704299689982e-04
2.723248912329516695e-08,2.607215233436517624e-08,2.403260636254375752e-08,2.602397190437883073e-08,2.556602456721137777e-08,2.522632745420208051e-08,2.614200556213023745e-08,2.616181344628894074e-08,2.171045840793095252e-08,2.137576663249604250e-08
4.649063607542852986e-03,4.596049939490100787e-03,4.542969976362944487e-03,4.491833278359030034e-03,4.446403317401061844e-03,4.411672084418573857e-03,4.396102368851947072e-03,4.417713277803057663e-03,4.548998364998519534e-03,1.742962969946790786e-01
8.657684408020576450e-06,9.110796888182598932e-06,9.788834646860384607e-06,1.066994131748773339e-05,1.204456734759549050e-05,1.424886387073821344e-05,1.821555920952129063e-05,2.716318502894531135e-05,6.355600575319185399e-05,5.310759528211979330e-02
1.443012163235482743e-06,1.603695693937322570e-06,1.016095397836520241e-06,1.455502369853914343e-06,1.319230912680815769e-06,1.161551162688976283e-06,1.022185658773880848e-06,9.046528371491630433e-07,9.898631470713062824e-07,5.922679741962336763e-08
2.855500979631323590e-06,3.170687332189949026e-06,1.995641337568463214e-06,2.874454792768981488e-06,2.602033298888727839e-06,2.286707090720087853e-06,2.008058965308390297e-06,1.773201514031625466e-06,1.943383781613282591e-06,8.442224461462555418e-08
7.007647363047856846e-04,6.935813485593859701e-04,6.867043371239352169e-04,6.803418086715481245e-04,6.754395565634380323e-04,6.730752354946469788e-04,6.754429165586780777e-04,6.882733422690725557e-04,7.445746672431654677e-04,1.153806808305828796e-04
4.342286426599408742e+02,4.342287091890224815e+02,4.342287464179341328e+02,4.342288664156635605e+02,4.342289346006054416e+02,4.342290102128175704e+02,4.342291358995578321e+02,4.342292584990150885e+02,4.342295451120676262e+02,4.342297737439153593e+02
1.567157173802398266e-05,1.650047215868495048e-05,1.774231063301469292e-05,1.936089823872648254e-05,2.189010918217543526e-05,2.596014117797729691e-05,3.333073298583248575e-05,5.017136917424852181e-05,1.217391508459216584e-04,1.531873797636147949e-01
1.104815539093683536e-09,2.307533054252703377e-09,3.620732801967823624e-09,2.389543965488942928e-09,2.392366885337036148e-09,2.766424842391963656e-09,2.237634362020192853e-09,2.047139323935541199e-09,2.799517056305015636e-09,4.848564285537489778e-10
3.957190212524685475e-09,3.957401346634147514e-09,3.957704667104087424e-09,3.958006283517746480e-09,3.958413410831640640e-09,3.958885825170216066e-09,3.959441037294638194e-09,3.960095567041986329e-09,3.960852500580884274e-09,3.960974512468795659e-09
5.995662505064969839e-06,6.309410311781443718e-06,6.778826679395161314e-06,7.388455798949017015e-06,8.339640757087909411e-06,9.864662595943538503e-06,1.260794005936958564e-05,1.879193611072949054e-05,4.389814475592400931e-05,1.530904672479559969e-01
1.104778915439596875e-09,2.307458961690836303e-09,3.620680476574995828e-09,2.389477758401840996e-09,2.392287768324893509e-09,2.766355946474908092e-09,2.237583295482060530e-09,2.047075919929237955e-09,2.799458831501475633e-09,4.765257832069042990e-10
-8.874770355307518981e-06,-9.236587275071552586e-06,-9.763795985474022250e-06,-1.039003805424689128e-05,-1.130886437130531798e-05,-1.262893110902153623e-05,-1.462747663561776164e-05,-1.792457887166399886e-05,-2.404682420941023493e-05,-1.807549700298427845e-05
9.003172596026748193e-06,9.477379308772033260e-06,1.018731331835858218e-05,1.111057843056581364e-05,1.255260155713353086e-05,1.486919747226350096e-05,1.905078886501179191e-05,2.853803310868888640e-05,6.755930074788623859e-05,9.595500952016199070e-02
1.395462639032288006e-05,1.468568224872235630e-05,1.577979617768630262e-05,1.720199497307256371e-05,1.942157213779758035e-05,2.298292093126437467e-05,2.939838720344546298e-05,4.390271094001007641e-05,1.034504895660478646e-04,1.126353761894520744e-01
4.364868847553444685e-09,4.349654761317473594e-09,4.329404960220394137e-09,4.308065909665349786e-09,4.280977490075272632e-09,4.248917673909452038e-09,4.211330154593998809e-09,4.167515809880938772e-09,4.117550272544598929e-09,4.064825419747421001e-09
-2.826410234233414902e-03,-2.794303109015885880e-03,-2.762283634886357822e-03,-2.731496559644522489e-03,-2.704430070075420148e-03,-2.684254750717004687e-03,-2.676709946721983133e-03,-2.694967054845991399e-03,-2.804951434924428041e-03,-2.273954012467173658e-01
2.499623646644814698e+02,2.499624996454940629e+02,2.499627183521985216e+02,2.499629260925071605e+02,2.499631282431929264e+02,2.499633811454273484e+02,2.499637756464369716e+02,2.499641789229524136e+02,2.499648889668517029e+02,2.499474328909750511e+02
5.322915138736356194e-06,5.601512919541783903e-06,6.018379203812711910e-06,6.560010721295536689e-06,7.404893924160639390e-06,8.759384635048731289e-06,1.119586345751717178e-05,1.668762614168510901e-05,3.897328433732894469e-05,4.602039993850708111e-02
-3.779579142557257590e-04,-3.738808544196809943e-04,-3.698955308423654753e-04,-3.661540469540732704e-04,-3.630880030403425720e-04,-3.612511427317584203e-04,-3.617532953724734730e-04,-3.675608682418548883e-04,-3.947563090735571253e-04,-8.671228581636605722e-06
4.617937930195008616e-09,4.590401346856754830e-09,4.553852157612646377e-09,4.514567270847977682e-09,4.464692288590692977e-09,4.405314354496403781e-09,4.335267179413799344e-09,4.253084227645899381e-09,4.158324258492240534e-09,3.957970675003569223e-09
-2.885169782547479431e-09,-2.897501293278519326e-09,-2.861158134987482831e-09,-2.871597150792168343e-09,-2.976854380591369807e-09,-2.826511160729787324e-09,-2.797643530506114260e-09,-2.563457922482687064e-09,-2.669947954676569441e-09,-2.994579669893577621e-09
4.209734015257745319e-08,4.206639306498645600e-08,4.201416495760756721e-08,4.197210156406380618e-08,4.190944496282017154e-08,4.183179912741228321e-08,4.173936200279291610e-08,4.163168983791426233e-08,4.149956633084356667e-08,4.163351562249557899e-08
6.762524901385485792e-04,6.681674536507979179e-04,6.598665771573475770e-04,6.519073566995831374e-04,6.444430897178546423e-04,6.380927667160941940e-04,6.336917926434807195e-04,6.324083507289627931e-04,6.359578773288738661e-04,3.130713208975822928e-07
-1.142019195050342361e-08,-1.142317416126049657e-08,-1.143078553713204277e-08,-1.143676457735395990e-08,-1.144595190286133349e-08,-1.145684967589927860e-08,-1.146967531476782442e-08,-1.148473043224054727e-08,-1.150235901790778163e-08,-1.152635710659364505e-08
1.814245331382113510e-03,1.792943375094142346e-03,1.771287645472229564e-03,1.750176047803062062e-03,1.730643406889205297e-03,1.714265411963592986e-03,1.703131624349360062e-03,1.700341904285082324e-03,1.710461724077433137e-03,2.545916392722737438e-06
4.442170213309182936e-12,3.234273103980624826e-12,2.877824964347574528e-12,2.815332775027670027e-12,2.144626665206354839e-12,1.578340133441969647e-12,1.306544721533918460e-12,6.501605186402224950e-13,3.360062144870725473e-13,1.146746875292346651e-13
1.723078361609708005e-07,1.744077756302306691e-07,1.749053787984573133e-07,1.750715024611228184e-07,1.757401772698163276e-07,1.763945363167244356e-07,1.770932300397653615e-07,1.780151874762918272e-07,1.788984787005801616e-07,1.802191629184757685e-07
-8.327167367779954738e-09,-8.326483510831443589e-09,-8.327356272171174373e-09,-8.327577008364663123e-09,-8.328376626789757352e-09,-8.329412724710163487e-09,-8.330631590658813434e-09,-8.332023076349795068e-09,-8.333748561638600424e-09,-8.338098149861571958e-09
-5.831485691116805416e-10,-5.811204884664507432e-10,-5.951254699586003081e-10,-5.945017686008903650e-10,-5.660115240947273987e-10,-6.165970150566018605e-10,-6.305453772866239985e-10,-7.170521802760730931e-10,-6.815069084980074541e-10,-5.558378891858273455e-10
-2.499626339089608109e+02,-2.499627670726494841e+02,-2.499629844701623256e+02,-2.499631914671739423e+02,-2.499633943050038738e+02,-2.499636503610375087e+02,-2.499640530745156184e+02,-2.499644780142185709e+02,-2.499652803933777250e+02,-2.501424464913252166e+02
2.499623815456528177e+02,2.499625173793766919e+02,2.499627373580799485e+02,2.499629467418790796e+02,2.499631514367557088e+02,2.499634083652103129e+02,2.499638099386921795e+02,2.499642283051130676e+02,2.499649859227683066e+02,2.499474386421989038e+02
2.125122002791201461e-05,2.236380336051022172e-05,2.402888754274661078e-05,2.619326670462314004e-05,2.957097604202365212e-05,3.499024110012608553e-05,4.475196209642121341e-05,6.682418660818467031e-05,1.578080454579732731e-04,1.950135402737832868e-01
4.316694553787085251e-09,4.303488000065134453e-09,4.285952199889879047e-09,4.267539829279210321e-09,4.244169803377222285e-09,4.216549955288965816e-09,4.184206091435268505e-09,4.146527475136058154e-09,4.103419447823308248e-09,3.976958253314023589e-09
1.365683497772147460e-02,1.349555170990819446e-02,1.333184353647315010e-02,1.317180935164490897e-02,1.302375756158946803e-02,1.289914458155878851e-02,1.281401538442481988e-02,1.279174508028752336e-02,1.286653450509161328e-02,2.099093526059330302e-05
1.365697278125320262e-02,1.349568621838551606e-02,1.333197487856039275e-02,1.317193750961593093e-02,1.302388287988156569e-02,1.289926751488403717e-02,1.281413670126625021e-02,1.279186596643398441e-02,1.286665686746619845e-02,2.099093558648961234e-05
3.666857251146258589e-08,3.812570471798463721e-08,3.785473827036762250e-08,3.331661879214178160e-08,3.691324370322346427e-08,3.739160766187398554e-08,3.757155823656910099e-08,3.313833106019549321e-08,3.808274149456312011e-08,1.688430222583824497e-08
9.837818801548762603e-04,9.721641810653442210e-04,9.603465503896965435e-04,9.488416254162234395e-04,9.381745538770360935e-04,9.291949198364059855e-04,9.230594285217811560e-04,9.214437835008727762e-04,9.268378772761175438e-04,1.174931255093558203e-07
1.909702065660933172e-03,1.887151580973051024e-03,1.864207149938864813e-03,1.841881378334868282e-03,1.821174094755269660e-03,1.803740709688806277e-03,1.791826516782408368e-03,1.788695968162314076e-03,1.799170107734484421e-03,2.338604748215165594e-07
5.208371650150806073e-04,5.146862983704264408e-04,5.084298854399493545e-04,5.023402005836042966e-04,4.966934299611328691e-04,4.919385316635640094e-04,4.886894278381059224e-04,4.878350408781684656e-04,4.906929174493687923e-04,6.230877851282572937e-08
-6.280075363545486460e-10,-6.235206326142465762e-10,-6.346811077389178290e-10,-6.305959546937002375e-10,-5.978964391491345550e-10,-6.432555145063406649e-10,-6.511640117036620473e-10,-7.306479991071778891e-10,-6.873058372387402709e-10,-6.018214931796881843e-10
7.872563279423111509e-09,7.875188881749934035e-09,7.874915708939157876e-09,7.875650323961168986e-09,7.876046501294764753e-09,7.876936010504314757e-09,7.878021764560265368e-09,7.879465022748532196e-09,7.881108758992042528e-09,7.882057728681648219e-09
-2.482355928784339802e-04,-2.453356470905389839e-04,-2.424079622667990239e-04,-2.395651676166074843e-04,-2.369840947245965542e-04,-2.349149126494510425e-04,-2.337745764342138261e-04,-2.344580594519178867e-04,-2.381617049551292367e-04,7.313734073042926775e-02
4.706896227107820796e-09,4.675297373655019799e-09,4.633324699664661942e-09,4.588111717557941975e-09,4.530697250591386607e-09,4.462291140273350121e-09,4.381540407072705125e-09,4.286751021540549758e-09,4.177433948149942871e-09,3.940630658988788153e-09
5.798091007458829743e-02,5.729625830307573386e-02,5.660132957518370506e-02,5.592194249011476354e-02,5.529342422862488365e-02,5.476438467141815647e-02,5.440292625717188524e-02,5.430826083325505926e-02,5.462551418454264507e-02,4.514988371566964288e-05
1.991645967746709378e-02,1.968130063330456037e-02,1.944261497311892961e-02,1.920926540311715738e-02,1.899338743583083022e-02,1.881166957446534296e-02,1.868748958980080699e-02,1.865489621039273863e-02,1.876367590087382048e-02,2.602050877720102476e-05
6.719759940951041507e-09,6.720076024992344232e-09,6.720048492416336706e-09,6.720126021027573479e-09,6.720177593809828948e-09,6.720275946818087058e-09,6.720410912423596263e-09,6.720577610073105677e-09,6.720786934125883925e-09,6.721005420752834451e-09
6.898033959945465703e-05,6.532254385402845793e-05,6.110420791939632991e-05,5.590078206897007373e-05,5.047157584671444728e-05,4.489528564786463808e-05,3.939813216455407218e-05,3.416484273570972123e-05,2.928572836544323721e-05,2.959016663782990090e-05
8.471373788733589934e-06,8.902029707748040143e-06,9.544910478853154431e-06,1.037664748260888368e-05,1.166664817698801955e-05,1.371495492797972453e-05,1.733745349437814144e-05,2.520881647880871297e-05,5.305924433666300491e-05,1.731656635348674384e-05
3.647722488151668445e-04,3.599984137620846985e-04,3.549659931089255540e-04,3.498570105207491157e-04,3.446589707126300342e-04,3.394012054297066371e-04,3.337527358406004057e-04,3.257620216259062549e-04,3.009426665515417781e-04,1.732271215377412089e-05
1.045725001851262427e-07,1.050592883803878593e-07,1.053983607546425613e-07,1.058376368678718248e-07,1.054584611752233187e-07,1.060374906487501998e-07,1.070853015735665759e-07,1.080230777726640652e-07,1.083421716561289427e-07,1.100348367981867737e-07
3.647800041522432065e-04,3.600043434482389556e-04,3.549725358895978360e-04,3.498667708284046874e-04,3.446692900708337023e-04,3.394109730536212983e-04,3.337561213362441603e-04,3.257692701762256345e-04,3.009500448109917467e-04,1.733234602574524038e-05
1.257119426912772292e-07,1.260863884728062335e-07,1.264533108825896570e-07,1.268282946345733244e-07,1.276541243948423827e-07,1.282334286399800033e-07,1.290216289059508148e-07,1.300383253796484029e-07,1.311597379633734156e-07,1.327193551274393390e-07
1.281169184237024788e-07,1.284953545834417738e-07,1.288811652984657876e-07,1.292702012269999925e-07,1.300662807774532452e-07,1.306721275739933106e-07,1.314752257287136677e-07,1.325290031943251004e-07,1.336603741795652679e-07,1.352751562775072987e-07
1.162491515752438550e-06,1.262627359460840159e-06,9.679765885597196632e-07,1.273977868486193708e-06,1.247370169926344040e-06,1.198657349421698350e-06,1.150583635482408002e-06,1.110101962014267943e-06,1.310867708804460206e-06,-1.822761790666675988e-08
1.142844457105521641e-02,1.129339970511478164e-02,1.115669458121093353e-02,1.102248775460162519e-02,1.089865376480974452e-02,1.079449023791741701e-02,1.072343432803350184e-02,1.070512239208267456e-02,1.076820624373301359e-02,3.560840045733598805e-05
8.487543527112833816e-08,5.955945836030080127e-08,5.938834020017496001e-08,5.925354128771660292e-08,5.920208626902198916e-08,5.895399872734009035e-08,5.889280449197621130e-08,6.028972386245190515e-08,5.924294645626763697e-08,5.306113655605423829e-08
-1.142969193732460038e-02,-1.129472189134462200e-02,-1.115772194574413817e-02,-1.102382098541769898e-02,-1.089996033650742109e-02,-1.079574784876553319e-02,-1.072464380407133627e-02,-1.070629278348761600e-02,-1.076957635422804045e-02,-3.564323410851863997e-05
-1.142969193761785886e-02,-1.129472189165356757e-02,-1.115772194598706885e-02,-1.102382098568026499e-02,-1.089996033678606105e-02,-1.079574784900897734e-02,-1.072464380426408140e-02,-1.070629278364081463e-02,-1.076957635431612104e-02,-3.564323395012433942e-05
9.753943824406379360e-08,9.791265369286302129e-08,9.817829487515256356e-08,9.835518059237159242e-08,9.871558108650348865e-08,9.909577289987988493e-08,9.954424108302330604e-08,1.001778280990719350e-07,1.006536850065656615e-07,1.013478680645710020e-07
3.617017203219344016e-08,3.626045612272845815e-08,3.631890840636575676e-08,3.638714882210474880e-08,3.669864505707534242e-08,3.679033724526848688e-08,3.696925755291457113e-08,3.713308863012811904e-08,3.741253168932839420e-08,3.772854388151995636e-08
-1.106864688359035891e-07,-1.122635049720883946e-07,-1.104745700563313341e-07,-1.111485975708820404e-07,-1.109593681238043665e-07,-1.122333199839314600e-07,-1.148594586495328856e-07,-1.146132817519335760e-07,-1.138955648018895815e-07,-1.172182453108266808e-07
2.731380775946851483e-02,2.699123792878865835e-02,2.666381841549258364e-02,2.634374686172775981e-02,2.604764044191522701e-02,2.579841209685597436e-02,2.562815208606153070e-02,2.558361104704350020e-02,2.573319137282739991e-02,4.198187042129877529e-05
2.731380775968442892e-02,2.699123792900215424e-02,2.666381841570053535e-02,2.634374686193042756e-02,2.604764044210931134e-02,2.579841209703919239e-02,2.562815208623103400e-02,2.558361104719613505e-02,2.573319137296005421e-02,4.198187012049217479e-05
2.854993006118258779e-10,2.870824392970149910e-10,2.852763527830432214e-10,2.855071627706914999e-10,2.843147225195092816e-10,2.824998468865505529e-10,2.797982652408484012e-10,2.766776236258058180e-10,2.738427889438894783e-10,2.664009976274034724e-10
3.258607559756731007e+02,3.258624113738756023e+02,3.258652143342993099e+02,3.258676920495388458e+02,3.258699184235095458e+02,3.258725623114154928e+02,3.258765875758676884e+02,3.258799166693326015e+02,3.258858704702898308e+02,3.258015524369056379e+02
4.543011815314929921e-09,4.519222075510180882e-09,4.487599153398903987e-09,4.453788914466197198e-09,4.410846575693436331e-09,4.359779477655674370e-09,4.299615947028934783e-09,4.229125334690056103e-09,4.147982371510046323e-09,3.958288315930449591e-09
3.954118470881908948e-09,3.954436745141233357e-09,3.954935049695555004e-09,3.955406148406457339e-09,3.956053256257699507e-09,3.956818960328409222e-09,3.957724060151809304e-09,3.958788890846663149e-09,3.960005223859958985e-09,3.961285585106321821e-09
4.547340828928278966e-04,4.493702594624471758e-04,4.438976693729981197e-04,4.385900227122153418e-04,4.336572658761556716e-04,4.295023301574123773e-04,4.266604665940289687e-04,4.259095612931755983e-04,4.284068059332735048e-04,1.704960977636541222e-07
2.198303331562517516e-08,2.191837021053211058e-08,2.186626681104141302e-08,2.174716680654329942e-08,2.165596873787125048e-08,2.163049807371757425e-08,2.161238040834536967e-08,2.159040947060801292e-08,2.157381149034997163e-08,1.897766026001883275e-08
9.096794644564115985e-08,9.122391425958112395e-08,9.149867655062667823e-08,9.177095847447635952e-08,9.227426042756501296e-08,9.270272491739366904e-08,9.325193606967839893e-08,9.398883575282461185e-08,9.475237351868007284e-08,9.587992275563141249e-08
9.249044658542654977e-08,9.274892459807137680e-08,9.303565844560740086e-08,9.331725359738285599e-08,9.380437746414091674e-08,9.424972063587274579e-08,9.480929617585318569e-08,9.556806561715369461e-08,9.633978539509421894e-08,9.750202467426705446e-08
5.279229084675110065e-09,5.279335415892218140e-09,5.279941448641868195e-09,5.279920053425709072e-09,5.280355569218313150e-09,5.281002689560875096e-09,5.281791190549832272e-09,5.282708506890072657e-09,5.283595956690134829e-09,5.271511529356081375e-09
8.348218438190926904e-02,8.249589992742359379e-02,8.149467844214106083e-02,8.051587570650099723e-02,7.961015629695222806e-02,7.884753453655550526e-02,7.832600641540446440e-02,7.818830173647901838e-02,7.864320250131251466e-02,2.156196819949858046e-05
8.348218641230437109e-02,8.249590195786150881e-02,8.149468047280998551e-02,8.051587773716649410e-02,7.961015832778714496e-02,7.884753656764116603e-02,7.832600844679502017e-02,7.818830376822473449e-02,7.864320453340320483e-02,2.156402292313147726e-05
-8.348218316357125524e-02,-8.249589870906363920e-02,-8.149467722363511191e-02,-8.051587448800848201e-02,-7.961015507836104177e-02,-7.884753331781677033e-02,-7.832600519648531823e-02,-7.818830051735194131e-02,-7.864320128198751259e-02,-2.156080045693752937e-05
1.082247713493289418e-07,1.050268789428817121e-07,1.064029166164546736e-07,1.057916167979234149e-07,1.054062487174317553e-07,1.056225113447759254e-07,1.085544711320186164e-07,1.089922418539095990e-07,1.091845410967736041e-07,1.161448612344439868e-07
3.274390618758200578e-08,3.209433472177642484e-08,3.221047879008198766e-08,3.161009798998024341e-08,3.189881237694069240e-08,3.190319273560593463e-08,3.135098552104601684e-08,3.220495662282149513e-08,3.171764877357026297e-08,3.193789100079834792e-08
-2.562414512068609118e-13,-2.535489948482298771e-13,-2.457765148571403612e-13,-2.361967758013054190e-13,-2.213992402969965950e-13,-2.013962295235068236e-13,-1.743045446892896845e-13,-1.385701495532473394e-13,-9.423730574862114538e-14,1.432213129586789905e-13
1.364202248655628762e-03,1.348110778358646870e-03,1.331693008108987336e-03,1.315770068110807753e-03,1.300971797605208601e-03,1.288506990453870639e-03,1.279981399773028831e-03,1.277728683877948088e-03,1.285220417803312025e-03,5.111224577029554016e-07
2.399612963776306523e-06,2.481649503692061693e-06,2.602920085710093985e-06,2.739765092841989302e-06,2.933681498126016457e-06,3.201008086033892581e-06,3.581406939554753217e-06,4.143855508515640843e-06,5.028208195373043224e-06,7.419758486836183364e-06
3.323423895782592147e-06,3.416463178864974239e-06,3.549626615472957739e-06,3.689031833819209951e-06,3.882526496001578942e-06,4.131836156927870653e-06,4.457046097983371040e-06,4.888777886846131844e-06,5.456124511707661962e-06,7.422965248730517692e-06
3.958613436654881047e-09,3.958794682951568504e-09,3.959009746558171661e-09,3.959238895978009768e-09,3.959537968521582585e-09,3.959885552738821778e-09,3.960295273833373216e-09,3.960779675609940180e-09,3.961342155376690272e-09,3.961746186201424168e-09
5.022422849388404161e-07,5.230796998898555080e-07,5.534777103817096884e-07,5.898003737498562755e-07,6.432216511300730450e-07,7.203528111470521668e-07,8.380052840988601434e-07,1.034733763391595819e-06,1.414655385457344247e-06,2.854951989299678726e-05
-5.022436254457288508e-07,-5.230808692552921024e-07,-5.534791438746668861e-07,-5.898014601297950435e-07,-6.432228200954793777e-07,-7.203539538285446080e-07,-8.380061367469991869e-07,-1.034734411727805875e-06,-1.414655828603660526e-06,-2.854951968661435007e-05
-5.017249741588408355e-09,-5.045129987204231362e-09,-5.030086605990949574e-09,-5.059932464250913550e-09,-5.282507638138630647e-09,-5.073266988144751583e-09,-5.081388031954346628e-09,-5.096790973310672233e-09,-5.356331079323105804e-09,-3.966641187835685227e-09
4.742952083682573796e-05,4.992968795867441231e-05,5.367279069159213350e-05,5.854027523862237209e-05,6.614323969685259683e-05,7.835788059919821110e-05,1.004042669322459565e-04,1.503661076889111772e-04,3.521079404085096856e-04,2.925580142831506469e-01
-1.555449228682951977e-05,-1.638579236091922738e-05,-1.763127960340100730e-05,-1.925220592975678232e-05,-2.178862008729102250e-05,-2.587437970796605140e-05,-3.327820303106894913e-05,-5.013172835188130119e-05,-1.153977899598890132e-04,-2.309636717881685550e-05
4.277316741927600722e-09,4.266099562617311217e-09,4.251182097728665067e-09,4.235678474387057023e-09,4.215999150958344220e-09,4.192816210029881770e-09,4.165755081890107595e-09,4.134329489440136176e-09,4.098512718106523053e-09,3.978001408926932908e-09
4.331950478626579410e-06,4.559481304573199981e-06,4.900025192449767295e-06,5.342718307182982118e-06,6.033695467550752791e-06,7.142587632450119286e-06,9.140779832935254297e-06,1.366082065234281847e-05,3.222419418977627407e-05,3.762455321367710187e-02
8.221892572424077704e-09,8.225982120951733431e-09,8.228153531849646753e-09,8.232370031700402621e-09,8.236508961840558800e-09,8.240852090112556262e-09,8.245907095597049968e-09,8.251227285296671278e-09,8.258740421148097914e-09,8.259599584374229602e-09
1.975382747774022793e-08,2.593063771303216872e-08,2.580351776978046423e-08,2.580301510369455193e-08,2.569854102752414368e-08,2.567324916036050352e-08,2.559905566263804111e-08,2.540442047005878200e-08,2.561474425123647961e-08,2.362046357251106899e-08
-5.077527356137258866e-08,1.794557695760039752e-08,1.789513307189666459e-08,1.789013381428284461e-08,1.774645413197511959e-08,1.781394506514812854e-08,1.774257259191675618e-08,1.867217327256037167e-08,1.773042807532857368e-08,1.650586214494698253e-08
-1.418038788948008388e-08,-1.436092974633604678e-08,-1.434664409485478445e-08,-1.429994186898530499e-08,-1.421580726109913458e-08,-1.425503134497208869e-08,-1.432626027239062091e-08,-1.421052504986868240e-08,-1.418987509140234086e-08,-1.429947654448532589e-08
7.090194668871468202e-09,7.180463030093027514e-09,7.173321706772642929e-09,7.149982353937450522e-09,7.107903314299472540e-09,7.127516236989515878e-09,7.163130648585826854e-09,7.105262491420764651e-09,7.094937385696477122e-09,7.149738329068506917e-09
1.365697278114177959e-02,1.349568621824696023e-02,1.333197487845998001e-02,1.317193750948898734e-02,1.302388287977249148e-02,1.289926751481226298e-02,1.281413670120303515e-02,1.279186596634419165e-02,1.286665686739742187e-02,2.099093555138902101e-05
2.649366242712473173e-08,2.717345985371455351e-08,2.717235337123634951e-08,2.680726920967904504e-08,2.737197483833816415e-08,2.698287227103686457e-08,2.701626093146927309e-08,2.766681796822518728e-08,2.793956628617368907e-08,2.764365157454281258e-08
-3.600630737188714886e-08,-3.635213708810887096e-08,-3.628849737082343744e-08,-3.624800110934581751e-08,-3.573893748617550731e-08,-3.663035906211415329e-08,-3.600251814863746738e-08,-3.579736995063964967e-08,-3.563219733283060932e-08,-3.992963420654987424e-08
-5.005995807092663416e-08,-4.889113303731551725e-08,-4.913554986465673419e-08,-4.862706839509283165e-08,-4.913942342308659779e-08,-4.895154864808007716e-08,-4.922805889918865136e-08,-4.875596775485091677e-08,-4.873553425326068481e-08,-5.354339920941541967e-08
-5.807867429181454545e-08,-5.706374165209439667e-08,-5.684539898786544763e-08,-5.666743517444538678e-08,-5.754556787769777221e-08,-5.599000042007755999e-08,-5.774124174563757931e-08,-5.664065438160755945e-08,-5.670675377073011188e-08,-6.238260497420385641e-08
-5.199124842864915427e-08,-5.159153100534190831e-08,-5.158707850522528423e-08,-5.122579655169950419e-08,-5.180612676740954861e-08,-5.101790836232542163e-08,-5.222386128445726515e-08,-5.122617757708380348e-08,-5.160485064768698867e-08,-5.721654239880937125e-08
-3.765371302458647997e-08,-3.807857533303072971e-08,-3.740467567036493830e-08,-3.704694381951827889e-08,-3.716428424460160086e-08,-3.736088909118687585e-08,-3.840526369280093973e-08,-3.699880473115667917e-08,-3.831166176472040999e-08,-4.372674299290204839e-08
6.869509952788633235e-09,7.038232345721454942e-09,7.018481818206453834e-09,6.978325752429894462e-09,6.874281711411040602e-09,6.930632725336140685e-09,6.998761798196695485e-09,6.888563598349660891e-09,6.860662175825233880e-09,6.951360754407631587e-09
6.869493643224085027e-09,7.038231207986375019e-09,7.018481600104061014e-09,6.978316473437290452e-09,6.874281163054744256e-09,6.930629955883396209e-09,6.998761571806137388e-09,6.888563083194726737e-09,6.860662426766208154e-09,6.951360859888978690e-09
6.869511395347000096e-09,7.038228685993056214e-09,7.018481120821911854e-09,6.978348736816660936e-09,6.874281066077540943e-09,6.930633868352201373e-09,6.998762832957638384e-09,6.888563501619829248e-09,6.860661881985323079e-09,6.951360865635423912e-09
9.327851384333854412e+00,9.217730138591653244e+00,9.105979409245517076e+00,8.996751092390871563e+00,8.895760558984640909e+00,8.810867727121616255e+00,8.753139684978652468e+00,8.738926263857422327e+00,8.794323205413432376e+00,9.284206587880110106e+00
5.478383985747842128e-09,5.481646952974619080e-09,5.481529801758430193e-09,5.482579596498862291e-09,5.483327662608245481e-09,5.484688856385426586e-09,5.486346864233415925e-09,5.488504669493834265e-09,5.490959257633982456e-09,5.492211642008435334e-09
-1.672485804819928186e-08,-1.841745465625345788e-08,-1.386102752364911655e-08,-1.927198082042291326e-08,-1.923163080636704197e-08,-1.898186045883544387e-08,-1.862790298792966002e-08,-1.840474108062751630e-08,-2.314038342940311148e-08,-4.007891175989281733e-08
7.234920950027060103e-05,7.149647336203528690e-05,7.062426449458479669e-05,6.978172920786057307e-05,6.899696641636262706e-05,6.833588565505647008e-05,6.788363285674575470e-05,6.776412904282156421e-05,6.816299356652527988e-05,5.727515990443418906e-08
7.234918908816645163e-05,7.149647157190291351e-05,7.062426498302725375e-05,6.978172340437226791e-05,6.899697217925650553e-05,6.833585212150875953e-05,6.788362838969454118e-05,6.776411230532551795e-05,6.816300792553219685e-05,5.316169876302111549e-08
8.230555592790955529e-09,8.253845543538144689e-09,8.251942117923896889e-09,8.259930894715570212e-09,8.268082257850521948e-09,8.263175659249799813e-09,8.261890277023928130e-09,8.263000323033973461e-09,8.263915278594717955e-09,8.483661610917407386e-09
3.114673649464619388e-08,3.110066462470857707e-08,3.109357232338033414e-08,3.110654044308744863e-08,3.109220879122879364e-08,3.109919627222043693e-08,3.111939487683473159e-08,3.113391779018876079e-08,3.115517502867963852e-08,3.224750331182509028e-08
-8.604528558458063969e+00,-8.502954526957926973e+00,-8.399879843151001779e+00,-8.299135731320536280e+00,-8.205995601609435752e+00,-8.127713739779988344e+00,-8.074509231695355282e+00,-8.061500992514158526e+00,-8.113028130161399787e+00,-9.513134594742325589e+00
8.664108847378574802e-06,9.119022459933674788e-06,9.800002954740955307e-06,1.068532140537643630e-05,1.206741587673398990e-05,1.428497681038028727e-05,1.828165588956975437e-05,2.732133590079674867e-05,6.444673609305761382e-05,1.015072731688537505e-04
3.906269475583505439e-09,3.906502768363252591e-09,3.906713684098074336e-09,3.906387015699259023e-09,3.905971243777787261e-09,3.905229133030331318e-09,3.904051367925888536e-09,3.902309693297368160e-09,3.899716790478582944e-09,3.897060896028456546e-09
3.875308377264340990e-09,3.877487777187439561e-09,3.880308231524271345e-09,3.882991199728325368e-09,3.886395195859744582e-09,3.890295797491461058e-09,3.894709857517134965e-09,3.899665379732836929e-09,3.905003624369719781e-09,3.932885730176034638e-09
4.380958781441199346e-09,4.385238904799641996e-09,4.390181389751666339e-09,4.396989363921604735e-09,4.404247172920711850e-09,4.411176185449032437e-09,4.419044056190349756e-09,4.428396518107741979e-09,4.438553804992717537e-09,4.516985538448803620e-09
1.136110657837192775e-08,1.135130965325272941e-08,1.133670694279779723e-08,1.132326435546705895e-08,1.130453637501739396e-08,1.128270212363319714e-08,1.125703613854733064e-08,1.122679136677348314e-08,1.119173838214571301e-08,1.115386256686582409e-08
2.435179574342661622e-08,2.435087634615043073e-08,2.434991968974479894e-08,2.434887429952678965e-08,2.434758506398664308e-08,2.434611327668218532e-08,2.434442525588521821e-08,2.434248714365785682e-08,2.434028158678278077e-08,2.433149455623934324e-08
3.693264991625071800e-06,3.766332486875582347e-06,3.868923052947800756e-06,3.960143159368714250e-06,4.082785656532918996e-06,4.226262072641895271e-06,4.392439805786416673e-06,4.583489452895082262e-06,4.786799925239662997e-06,7.514542223486147114e-06
5.169430914738473944e-06,5.244568725397569834e-06,5.349554381377440421e-06,5.425186466511480833e-06,5.525152080399597826e-06,5.629183725644115589e-06,5.732317907166641026e-06,5.828008914768689048e-06,5.891355659747160375e-06,6.918006477961774755e-06
3.378413162691579677e-09,3.404213109348645077e-09,3.438403669341252021e-09,3.475729581013537106e-09,3.522998026171649768e-09,3.579428741478282272e-09,3.646182700475358725e-09,3.724697026821200715e-09,3.815477837871570022e-09,3.931616271846567234e-09
3.304948458879056546e-09,3.332324764918365086e-09,3.368468726559446859e-09,3.407511817621800518e-09,3.456940333812976589e-09,3.515770529554176360e-09,3.585132076994704942e-09,3.666433170770427318e-09,3.759979764281451533e-09,3.877587263572932046e-09
1.119354524406791412e-06,1.155760590435189637e-06,1.207977297454522363e-06,1.265640856033460320e-06,1.347248968443029531e-06,1.456802236677519665e-06,1.607756452314407075e-06,1.824702612578016792e-06,2.147937945251634972e-06,5.225080750894425295e-06
8.603091927940851051e-06,8.625178806217790391e-06,8.659032191812183479e-06,8.604469535817211963e-06,8.538050316015995602e-06,8.422051675174291793e-06,8.245213103600607397e-06,7.998068626517102639e-06,7.657310093171126511e-06,7.337585594897341516e-06
3.705743374768197426e-09,3.717437248767546267e-09,3.732948914544862318e-09,3.749989416511676884e-09,3.771584302800101958e-09,3.797439151905704405e-09,3.828102209693607924e-09,3.864258768240608502e-09,3.906220664943531011e-09,3.942323373668799143e-09
3.678857398304043015e-09,3.691870127114565257e-09,3.709151289507106560e-09,3.728156128471601015e-09,3.752243050530413025e-09,3.781089572295055795e-09,3.815310693848452530e-09,3.855675124167573578e-09,3.902547412369087226e-09,3.942794673561921307e-09
3.223967839212236485e-09,3.255398822936959218e-09,3.296848998519971572e-09,3.341835937764853987e-09,3.398751082732185760e-09,3.466588776907139495e-09,3.546663487111228739e-09,3.640618188889655393e-09,3.748872191040259170e-09,3.875122165223390652e-09
9.109925547792152811e-09,9.109377794562684118e-09,9.108914145114561092e-09,9.108246011178431347e-09,9.107466731574628765e-09,9.106683451610078208e-09,9.105801957990931499e-09,9.104765853782003871e-09,9.103489557444023558e-09,9.101679740671901468e-09
-8.749688929852117472e-10,-8.745249035406900597e-10,-8.739106598293044334e-10,-8.732934230670168887e-10,-8.725061158377283868e-10,-8.715818334595453801e-10,-8.705095019680436970e-10,-8.692741565997285707e-10,-8.678928423369499676e-10,-8.620833890654982761e-10
5.438226787009460039e-07,5.686952552630095500e-07,6.053168221062420549e-07,6.505804396381079800e-07,7.185671641668914219e-07,8.205036115364821788e-07,9.850248135398270188e-07,1.286972445800335615e-06,1.986302676788017526e-06,6.083824610697395477e-06
1.435541629582824930e-06,1.498718822806767996e-06,1.591499310680026176e-06,1.705164858027321257e-06,1.874882902730328175e-06,2.126683842234974083e-06,2.526579601158107268e-06,3.240547299517358287e-06,4.800530342218495732e-06,7.459556274144282009e-06
2.876752599858951369e-06,2.978241422888082959e-06,3.124654445188355294e-06,3.291408330269512213e-06,3.530528761836760928e-06,3.859955982572647727e-06,4.330050139172831911e-06,5.040026886977102837e-06,6.184136429121083905e-06,7.461032246364923487e-06
3.618995224349822536e-09,3.621505647705695144e-09,3.623522605662627337e-09,3.625724689916566606e-09,3.628437744227567286e-09,3.631497458818022162e-09,3.635082286124123530e-09,3.639347006657697707e-09,3.644148959190179834e-09,3.647768170358707311e-09
-1.162590841976391068e-08,-1.161603579889500855e-08,-1.160189790237610854e-08,-1.158798296991762370e-08,-1.156952869422546275e-08,-1.154729989157453225e-08,-1.152107763802560954e-08,-1.149052868690949832e-08,-1.145481200096493460e-08,-1.148708676813057737e-08
1.072638554402610216e-06,1.110138251179925595e-06,1.164180124877918640e-06,1.225407334203706636e-06,1.312996653323214643e-06,1.433112127983142605e-06,1.603442870330581764e-06,1.858365759263337731e-06,2.263189283334987103e-06,4.713828361784948339e-06
8.822152834169029845e+00,8.718015113057806076e+00,8.612335285851393962e+00,8.509052222449568603e+00,8.413561131216422240e+00,8.333301585568692715e+00,8.278747814171559583e+00,8.265389768179186802e+00,8.318106205076970738e+00,9.460656905890706625e+00
2.189752377670959398e-08,2.195814739826310715e-08,2.195801286777418778e-08,2.192420539982036047e-08,2.191702819961887095e-08,2.191222373846661307e-08,2.192317748333166794e-08,2.191966315465436141e-08,2.178965106750010502e-08,2.185767177150553787e-08
3.656859748579484438e-09,3.669438043731156612e-09,3.686129744267781345e-09,3.704088244323081828e-09,3.726866975129390323e-09,3.753966571311832181e-09,3.785918167943644722e-09,3.823382402404949074e-09,3.866518259225107238e-09,3.913953107477377180e-09
8.874770387450987843e-06,9.236587318298147714e-06,9.763796000485861813e-06,1.039003808978942035e-05,1.130886439605373182e-05,1.262893113829023456e-05,1.462747665552283431e-05,1.792457889302959180e-05,2.404682422854656590e-05,1.807549716882081716e-05
3.576192211803574221e-09,3.590685378423767877e-09,3.609861106396176280e-09,3.630111130444195428e-09,3.655789269424573981e-09,3.686161534963743361e-09,3.721757528377903096e-09,3.763239637752826526e-09,3.810582663214390099e-09,3.860465625031551418e-09
3.338068400933754293e-09,3.364211944290225461e-09,3.398808231807319272e-09,3.436150979532742000e-09,3.483457228075232761e-09,3.539758493644147374e-09,3.606152367000853629e-09,3.684014464793179117e-09,3.773805131578552436e-09,3.963093843959400044e-09
1.554863403147216918e-08,1.555185276209996601e-08,1.556057202182702863e-08,1.556730381309550715e-08,1.557775376724746587e-08,1.559016842006585654e-08,1.560477943843724897e-08,1.562192408620376540e-08,1.564201033802677358e-08,1.566996566527041634e-08
3.623200005960125061e-09,3.635716132191600413e-09,3.652310344784558702e-09,3.669761952108236626e-09,3.691892835788321809e-09,3.718044893218163732e-09,3.748666493616141560e-09,3.784335225161501132e-09,3.825171396383442665e-09,3.944813075375144085e-09
3.254068947371357108e-09,3.284148515412456840e-09,3.323932808873195156e-09,3.366960258158347345e-09,3.421461788007846133e-09,3.486359404944804389e-09,3.562931042930213598e-09,3.652768256675944615e-09,3.756382078518532313e-09,3.980125335270830087e-09
3.408639322282102180e-09,3.431271533196840764e-09,3.461201063214120458e-09,3.493366510983923758e-09,3.534108695171632520e-09,3.582522647216466275e-09,3.639536198115149090e-09,3.706311522900364416e-09,3.783193027228362299e-09,3.962300481552075715e-09
5.022443207888937473e-07,5.230815617443712247e-07,5.534797556515467576e-07,5.898020501013549821e-07,6.432233772010585494e-07,7.203544468937218759e-07,8.380065773829721780e-07,1.034734791766406333e-06,1.414656090526616842e-06,2.854951967989830715e-05
3.661477671160472172e-09,3.672109292754197928e-09,3.686197514398845810e-09,3.700870878775651152e-09,3.719482812217052045e-09,3.741415485798198415e-09,3.767021365912755617e-09,3.796760088010812416e-09,3.830683233230792075e-09,3.944733205919823179e-09
1.664362359602287505e-08,1.845837315674716129e-08,1.384293896108294950e-08,1.929216780904697249e-08,1.929518256162681051e-08,1.894716745178261935e-08,1.861123836414298132e-08,1.840667634150461279e-08,2.313702402736713659e-08,4.122042190127636781e-08
8.604528558458056864e+00,8.502954526957916315e+00,8.399879843150994674e+00,8.299135731320530951e+00,8.205995601609432200e+00,8.127713739779990121e+00,8.074509231695364164e+00,8.061500992514178066e+00,8.113028130161433538e+00,9.513134594742369998e+00
-2.820720832134678052e-09,-2.956180096268448103e-09,-2.963572338391408348e-09,-2.946730534504800698e-09,-2.947452834619815905e-09,-2.946479829213911871e-09,-2.936147801905437591e-09,-2.930535341375028555e-09,-2.927676476916553987e-09,-2.928962576773073823e-09
2.589826907862331686e-06,2.685688195850109821e-06,2.824462283823679717e-06,2.985106227577332838e-06,3.217274968085660791e-06,3.541903041105697263e-06,4.014774026714316956e-06,4.750871235211294550e-06,5.997812956171157804e-06,1.413088495391530342e-05
1.307805352978589892e-08,1.308012491865512686e-08,1.307826390576746996e-08,1.307672103965558183e-08,1.307388799136545781e-08,1.307038232265622718e-08,1.306581955135434006e-08,1.305980364623308758e-08,1.305179880482019523e-08,1.304471475958426175e-08
4.314227882497071385e-06,4.430021201902201131e-06,4.594417322253661330e-06,4.763466769146493769e-06,4.997168865344893411e-06,5.295126549489653637e-06,5.679163824752170169e-06,6.184047466481592887e-06,6.842490284665823840e-06,7.461720108482041107e-06
8.793109545880967810e-11,8.737128388323670577e-11,8.593474216975585815e-11,8.402656895029579914e-11,8.150603212191297591e-11,7.831824520487819657e-11,7.427415656483716719e-11,6.919145348592360699e-11,6.277530421103558347e-11,5.573798096465911922e-11
1.901116772938466087e-06,1.958046300392823347e-06,2.039381739310838907e-06,2.126603427338104571e-06,2.248659176880747713e-06,2.408731939499083925e-06,2.622516702558974097e-06,2.916682857338315471e-06,3.326256784712694119e-06,3.693863714557111559e-06
1.712531408952879212e-07,1.716692960055621364e-07,1.722034979245487437e-07,1.726454283636114838e-07,1.735021908761795513e-07,1.742047173581118945e-07,1.750338152766528139e-07,1.762242939264253795e-07,1.775752793898671169e-07,1.792089405385218369e-07
-5.012887657487453019e+00,-4.953705295059581459e+00,-4.893645912828494815e+00,-4.834941568503765552e+00,-4.780662343169028716e+00,-4.735031457937147970e+00,-4.703993594247950050e+00,-4.696325198662650635e+00,-4.725977856440625402e+00,-4.757291006371712427e+00
1.072660859548456921e-06,1.110162376702386268e-06,1.164206989716111780e-06,1.225437429030876771e-06,1.313031541703200748e-06,1.433154029625324716e-06,1.603495581993599442e-06,1.858436623045860735e-06,2.263293547288575220e-06,5.460498170778145020e-06
1.226867212878616184e-06,1.266640881487641352e-06,1.323678829407443275e-06,1.386610972666406327e-06,1.475644329077834788e-06,1.595080958534172376e-06,1.759498663907267545e-06,1.995486310729747146e-06,2.346386835338320513e-06,5.460889711582463201e-06
8.635271890603372517e-06,8.866645767627927177e-06,9.195137246151688425e-06,9.532911690965442731e-06,9.999862555465611021e-06,1.059518155287887186e-05,1.136245720275448742e-05,1.237112492337448841e-05,1.368649829756236066e-05,1.255493374581212987e-05
4.697461104602261963e-05,4.399208071922546768e-05,4.046318771587466609e-05,3.610464035853616757e-05,3.135249753632970889e-05,2.623403807543688693e-05,2.096805188224043346e-05,1.602036499083825537e-05,1.195519176034025576e-05,9.743397825375157471e-06
3.220938939204592303e-09,3.252257438601204773e-09,3.293590559145139866e-09,3.338316467942202833e-09,3.394942984626627860e-09,3.462366157168456294e-09,3.541901197218370179e-09,3.635174809878657664e-09,3.742544205092807389e-09,3.894577563114065650e-09
1.792805454962513844e-08,1.808853408791362344e-08,1.798127770908223950e-08,1.807681512311878090e-08,1.807101078508037850e-08,1.809684659688051059e-08,1.822731902794305194e-08,1.817206973808282589e-08,1.838515682597910520e-08,1.442787729061509744e-08
3.400381601653977036e-07,3.563585211997530050e-07,3.804769734326244676e-07,4.106517390666334313e-07,4.563633841540748546e-07,5.259452990213853733e-07,6.409231887250209431e-07,8.608802469143711226e-07,1.419918157304543136e-06,1.929283812309914571e-05
1.575735466401678719e+00,1.557134081087167443e+00,1.538252694278144261e+00,1.519800578414610692e+00,1.502731221111119009e+00,1.488368829184306019e+00,1.478566265204886987e+00,1.476025021207867605e+00,1.484713256217747190e+00,5.488247562059500595e-02
4.869305676817833328e-01,4.811672501221684328e-01,4.753191282404271023e-01,4.695922214245183413e-01,4.642951117619804613e-01,4.598339881347194291e-01,4.567827823289922207e-01,4.559790525311933629e-01,4.586590688250463121e-01,1.061409402965898113e-01
3.547572293012961591e-09,3.558758115029617410e-09,3.569690256894302233e-09,3.583769439777267051e-09,3.598927738850202366e-09,3.616013435482597337e-09,3.635100157227844259e-09,3.656178547639336584e-09,3.679115354374766535e-09,6.344932199733973552e-09
2.866648862544865936e-09,2.926056119515393146e-09,2.784385556353140807e-09,2.963200662418824908e-09,2.972161768531840881e-09,2.972239157991321798e-09,2.972988799155217106e-09,2.977731449507300478e-09,3.098137050690810899e-09,-4.186683271006769640e-10
4.812580530832175336e-07,5.027868514527869972e-07,5.344105258021345672e-07,5.731802635956362709e-07,6.310985454637333822e-07,7.171058413396211373e-07,8.538855707075854390e-07,1.098660368949997826e-06,1.636060983825857249e-06,3.132405319515280497e-05
4.456831216346669082e-07,4.664391997521001871e-07,4.970419388290996169e-07,5.350415618334532654e-07,5.922994678869961755e-07,6.786351573336074224e-07,8.191987680948784975e-07,1.081129803620643825e-06,1.708360820121194099e-06,7.914661698643012759e-06
4.312974063380804495e-06,4.402119208403858500e-06,4.527428103836110494e-06,4.641513062561744309e-06,4.795393165854118750e-06,4.977782181558564508e-06,5.192485387112383781e-06,5.444372155778053782e-06,5.721304337675163744e-06,2.086963430331669172e-05
3.908524354873352987e-09,3.908723272071512141e-09,3.908997661723905157e-09,3.908644292301996227e-09,3.908247754929431206e-09,3.907535110660579679e-09,3.906379076226262194e-09,3.904646459123200651e-09,3.902018770859358595e-09,4.014928313448692193e-09
3.376182012541777831e-09,3.400059143621051206e-09,3.431543312658644083e-09,3.465423108411758848e-09,3.508304588998449247e-09,3.559260042074454146e-09,3.619255655633790284e-09,3.689489478541420437e-09,3.770151197216365416e-09,3.877572263033277942e-09
1.064528587506440933e-08,1.064476990989107981e-08,1.064419661302236297e-08,1.064361185586968230e-08,1.064282845287972060e-08,1.064194142241789306e-08,1.064090527304921194e-08,1.063968199323541541e-08,1.063825907952172672e-08,1.063730181680923299e-08
1.064528587506440933e-08,1.064476990989107981e-08,1.064419661302236297e-08,1.064361185586968230e-08,1.064282845287972060e-08,1.064194142241789306e-08,1.064090527304921194e-08,1.063968199323541541e-08,1.063825907952172672e-08,1.063730181680923299e-08
1.430521164884288859e-06,1.460210763034185389e-06,1.501945395921770261e-06,1.539939899288768422e-06,1.591188428125180734e-06,1.651931259449430610e-06,1.723435864948175839e-06,1.807324672060745359e-06,1.899557283435127960e-06,1.045690232628963102e-05
7.324521790884242449e-07,7.582055813306056633e-07,7.953230240065090397e-07,8.373952512567618905e-07,8.975950782509085529e-07,9.801840833685149393e-07,1.097366224729289173e-06,1.272887653680984970e-06,1.551983424785206250e-06,1.386527235054490128e-05
4.314227883361567610e-06,4.430021196003819441e-06,4.594417316798698846e-06,4.763466766452826506e-06,4.997168854536419273e-06,5.295126556851882749e-06,5.679163820424439978e-06,6.184047469384357857e-06,6.842490283602135112e-06,7.461720099806335791e-06
-4.370382715328078603e-09,-4.371292885752881634e-09,-4.372288954629411094e-09,-4.374259320361973842e-09,-4.376724328597604001e-09,-4.380047365000747910e-09,-4.384426157171391977e-09,-4.390100694512478630e-09,-4.397517317559016878e-09,-4.404453519669988426e-09
-3.573787562452221810e-09,-3.574344748756982613e-09,-3.575554727227877783e-09,-3.577193033617374333e-09,-3.579328972131251990e-09,-3.582019724669543329e-09,-3.585437029109582858e-09,-3.589711231749444709e-09,-3.595116564629522544e-09,-3.600157368326715957e-09
-6.945667088802050285e-09,-6.946488672264913717e-09,-6.947355854155663793e-09,-6.949047126178726190e-09,-6.951165415677705811e-09,-6.954005561172145254e-09,-6.957750615363619330e-09,-6.962583804728787799e-09,-6.968921167265840101e-09,-6.975670568303583692e-09
5.737555138473030697e-02,5.669944344852261009e-02,5.601369308752772447e-02,5.534363652703091357e-02,5.472423998340617685e-02,5.420349160927248611e-02,5.384870937719782313e-02,5.375800180998877020e-02,5.407506070236597906e-02,1.142739893718518825e-04
5.619460941117557817e-09,5.618967538559085584e-09,5.618444913971830590e-09,5.617954879922420640e-09,5.617259394645807870e-09,5.616494650225134722e-09,5.615609784599151979e-09,5.614564344753428540e-09,5.613348317989650245e-09,5.612665764132211716e-09
1.063280428049263813e-08,1.063332015284169823e-08,1.063389370836921689e-08,1.063447856630739989e-08,1.063526246815033521e-08,1.063614941122661412e-08,1.063718564963382039e-08,1.063840933225930983e-08,1.063983213622571722e-08,1.064079011123877069e-08
-6.353506200002733140e-01,-6.278499611560606208e-01,-6.202373601283097670e-01,-6.127962642795501402e-01,-6.059137108027674579e-01,-6.001230732399780443e-01,-5.961720982321413453e-01,-5.951521631118396050e-01,-5.986744470367001414e-01,-1.061522493401754336e-01
9.852771590039645873e-09,1.032534703758457364e-08,1.019662305875265452e-08,1.032021826667130249e-08,1.037511557054287818e-08,9.403869015079865499e-09,1.049777852234621275e-08,1.025352600172419163e-08,9.812772399997915669e-09,1.022448056999891897e-08
-5.765405150072348134e-03,-5.697821708237399765e-03,-5.627294771005189079e-03,-5.561171194881825257e-03,-5.498532553905882518e-03,-5.445680027766708689e-03,-5.409488491585170630e-03,-5.399825278457449397e-03,-5.432091902785571996e-03,-1.394259051135851106e-06
3.491645908396164841e-09,3.504725155398453915e-09,3.517411288751897276e-09,3.533838633835168489e-09,3.551643074566353561e-09,3.571191756068087878e-09,3.593371047568421002e-09,3.617939991025872886e-09,3.643825396334477743e-09,7.529358959330918481e-09
2.811357310590425711e-09,2.873851370491323839e-09,2.733925790961680542e-09,2.914662714231197391e-09,2.926002238530145214e-09,2.928523446055365082e-09,2.932268677559431066e-09,2.940371748033019501e-09,3.064119617729961137e-09,1.836822274297071503e-10
2.136441558082011803e-09,2.245927346199533876e-09,1.956132220395278089e-09,2.298304048573056640e-09,2.303011033011440903e-09,2.288924324926585782e-09,2.274234202521703947e-09,2.265638149177305472e-09,2.483522525540088659e-09,-4.523148900015161083e-09
1.120601802525333739e-06,1.162674882683742408e-06,1.223624183216313978e-06,1.294396309303405615e-06,1.396838535118228686e-06,1.540495602088373321e-06,1.750611926370169150e-06,2.079697076815958857e-06,2.642945783124519231e-06,5.922180623653803065e-06
2.961876399977903254e-07,3.098820654493410185e-07,3.300373802452245958e-07,3.549161598456205141e-07,3.922506593891144854e-07,4.481386439366893091e-07,5.381166721642507015e-07,7.025496414293269302e-07,1.079891395015975513e-06,2.833513666044298000e-06
2.949770780717404646e-09,2.949032880158804313e-09,2.947475262703598699e-09,2.945738950378791521e-09,2.943578188862967751e-09,2.941119641046088505e-09,2.938655159659103785e-09,2.935458469128228689e-09,2.931152410906226342e-09,2.926951924085488867e-09
1.170306157438781951e-06,1.204613476071895992e-06,1.253522371288938491e-06,1.305476405703777120e-06,1.377993904089486801e-06,1.472534599390018569e-06,1.597904423754462237e-06,1.768964569071497664e-06,2.004604537230196116e-06,7.497342872787570250e-06
-2.044119288220058728e-02,-2.020012622550631035e-02,-1.995540823665750002e-02,-1.971622007630170412e-02,-1.949504337789898997e-02,-1.930909797043299167e-02,-1.918244619494595404e-02,-1.915020000201812789e-02,-1.926416316859063879e-02,-1.022128750725200235e-04
5.607318604824844726e-06,5.787788468111005337e-06,6.040116988545666450e-06,6.316378534502257133e-06,6.705440378682908386e-06,7.222064117640554291e-06,7.922803071030707064e-06,8.917001308008603745e-06,1.036866512067597807e-05,1.472066349798453559e-05
1.844486106598474812e-06,1.895835995735907034e-06,1.968855582314484623e-06,2.044950360818603808e-06,2.150542674470991397e-06,2.286377413260684927e-06,2.463453215215544066e-06,2.699697034346863170e-06,3.014506251991975973e-06,5.922508202583456141e-06
1.051246118773553024e-08,1.051598458267871031e-08,1.052074254319443127e-08,1.052555623320004224e-08,1.053166881142568359e-08,1.053893088826415544e-08,1.054735207716000124e-08,1.055705991333541779e-08,1.056792477337288560e-08,1.059871984247331686e-08
3.916011569566118300e-09,3.916687047614420974e-09,3.917559792130124452e-09,3.918156241596902202e-09,3.918925630447873637e-09,3.919702031557304159e-09,3.920443778906488782e-09,3.921104542719955550e-09,3.921523513312211954e-09,3.927390871432036964e-09
3.933177802945717526e-09,3.932484080842763897e-09,3.931492917470094791e-09,3.929922609767262246e-09,3.927930503643238276e-09,3.925332377629570835e-09,3.921993102121918215e-09,3.917750212819600985e-09,3.912333457715262607e-09,3.907177104611337580e-09
2.885497822364242892e-08,2.834976769569698939e-08,2.832909201887180602e-08,2.839820303665471794e-08,2.839796128132903454e-08,2.841080378146683218e-08,2.845750427918361435e-08,2.849867798438006317e-08,2.852260038295501874e-08,2.852132858622351199e-08
8.060282154028650884e-06,7.869418373055861863e-06,7.631260772667282919e-06,7.264863394191824674e-06,6.840927667577745610e-06,6.345585104248693142e-06,5.794064273967558568e-06,5.207688814679111630e-06,4.603785271382443328e-06,3.778113746983808417e-06
-8.247068943749544753e-10,-8.262135370769296603e-10,-8.282472033859805462e-10,-8.304106123886386578e-10,-8.331706645677575913e-10,-8.364911717720120687e-10,-8.404222961664514981e-10,-8.450394159997624272e-10,-8.503530613071736163e-10,-8.591824506535741995e-10
2.352121597695585777e-06,2.434276766488646880e-06,2.552707081334495738e-06,2.687078078018662638e-06,2.879429295706898949e-06,3.143542087223537868e-06,3.518714214513477276e-06,4.081601927299258351e-06,4.979047188019472192e-06,6.917821862287412646e-06
-6.537216705540187245e-02,-6.460213469854252100e-02,-6.382111635130365002e-02,-6.305803437908556741e-02,-6.235289679163098786e-02,-6.176050120017306105e-02,-6.135782070808739469e-02,-6.125723618891140004e-02,-6.162394336319259452e-02,-1.346489775455104836e-04
7.841377061353442223e-10,7.823823585467196699e-10,7.844949444023760194e-10,7.842255035934869267e-10,7.856307399827928786e-10,7.875802040339182542e-10,7.904384691740082739e-10,7.937532102179909432e-10,7.967296881158933535e-10,8.095615202126693689e-10
2.301263399219492041e-09,2.296711751697852068e-09,2.298956477135140728e-09,2.297312525949851269e-09,2.298293234545348829e-09,2.299489867981220972e-09,2.302458629080212202e-09,2.305744590541723392e-09,2.308504473283990885e-09,2.314036861972988794e-09
2.427106174292728986e-08,2.427377928486951694e-08,2.427698269475257701e-08,2.428083848112433463e-08,2.428556198796991123e-08,2.429087130696073405e-08,2.429705425657120290e-08,2.430433433341322248e-08,2.431288920197235441e-08,2.432496230471097623e-08
1.158751961985539369e-02,1.144426607781892993e-02,1.129969819935001084e-02,1.115341713288284589e-02,1.101830026766563789e-02,1.090273738711172377e-02,1.082066031438548570e-02,1.079226260080911291e-02,1.084626225277202267e-02,1.268755240884949132e-04
-4.731552864380421151e-09,-4.730751332335430263e-09,-4.731128402462653877e-09,-4.731817266010615378e-09,-4.732982935767298394e-09,-4.734602840834770825e-09,-4.736901668151912501e-09,-4.740083257633035579e-09,-4.744576393320278593e-09,-4.748929046837872737e-09
3.385235558627797875e-08,3.385741052016919469e-08,3.385346218253174927e-08,3.386199506779881745e-08,3.387002103599374688e-08,3.388116119992216814e-08,3.390632750571976485e-08,3.392180783063113259e-08,3.392762895673617292e-08,3.394310798671167064e-08
-2.167033059362982105e-09,-2.166480262939104723e-09,-2.164988597796677006e-09,-2.163893057811822775e-09,-2.163034289148750921e-09,-2.161647440283328846e-09,-2.160337088271094985e-09,-2.158304360832863618e-09,-2.155747803249280680e-09,-2.155488261054161942e-09
-2.167072929205804938e-09,-2.166520064309017840e-09,-2.165026492096006392e-09,-2.163930566125736075e-09,-2.163068993424047460e-09,-2.161680786994695182e-09,-2.160369564911065347e-09,-2.158335876881486970e-09,-2.155775696721911407e-09,-2.155528116780712525e-09
5.187443515406132043e-06,5.378971770627067344e-06,5.656233434085848585e-06,5.977171594042983751e-06,6.440979731544019714e-06,7.089440389617838664e-06,8.033906422585820761e-06,9.503836924043270750e-06,1.199311423969195570e-05,1.355884411193413348e-05
6.604131794930375629e-07,6.889578222158306492e-07,7.307697518393899788e-07,7.815062094537130135e-07,8.568195961314176207e-07,9.673830192901104424e-07,1.140212722882888585e-06,1.440788978026552443e-06,2.064697130836211966e-06,5.905561967580904133e-06
3.627120903223738803e-09,3.638909313693305422e-09,3.654531787118718277e-09,3.670769864640111345e-09,3.691359715021996420e-09,3.715600794395988783e-09,3.743875430683691878e-09,3.776683605801308535e-09,3.814080878539852425e-09,3.951771858167230296e-09
3.796986940964983270e-09,3.800151018285412528e-09,3.804084757100507856e-09,3.807344787684984347e-09,3.811466166427767969e-09,3.815939192198512756e-09,3.820674570708162650e-09,3.825579754568439797e-09,3.830164818849335005e-09,3.831342456951822408e-09
5.813940546207977348e-07,6.035330861606794795e-07,6.356183495103079856e-07,6.729419950338488395e-07,7.270196326773515449e-07,8.029883855728349196e-07,9.143802806678690901e-07,1.089500398389760169e-06,1.391149798064299457e-06,1.596527258520219294e-05
3.601581446346667833e-09,3.611083032995612625e-09,3.620699853336984804e-09,3.632283679467394996e-09,3.645119271159906752e-09,3.659587127736539792e-09,3.675735283836104303e-09,3.693517262445096338e-09,3.712642910255556261e-09,5.788899326368285286e-09
1.072037444601829564e-06,1.103849144196614657e-06,1.149228392710126607e-06,1.197644801566260340e-06,1.265320976091136984e-06,1.353828417066302902e-06,1.471675873720079297e-06,1.633343192443711934e-06,1.857840864011081973e-06,1.123666619795841229e-05
3.701977081051993300e-09,3.712325935037831857e-09,3.726049191282184420e-09,3.740712557466930837e-09,3.759317262855736009e-09,3.781410688194608465e-09,3.807410732424712392e-09,3.837839524333925124e-09,3.872788505491387968e-09,3.913696550957267560e-09
2.248265320816694469e-06,2.366421136736615349e-06,2.543267994723018865e-06,2.773170031398798149e-06,3.132028624141528095e-06,3.707972166243676078e-06,4.745928880737430591e-06,7.094417013761011655e-06,1.674742544566821140e-05,5.263711465657354427e-02
3.629041835634654033e-09,3.640915033365388317e-09,3.656611425246041864e-09,3.672994815050781646e-09,3.693771579990498757e-09,3.718260932450300618e-09,3.746860336751418429e-09,3.780070889889571586e-09,3.817793689507123195e-09,3.860106174656547002e-09
4.297770941272073867e-06,4.308835393834988244e-06,4.325787306651006290e-06,4.298505294031238943e-06,4.265290407597662305e-06,4.207268897170437087e-06,4.118805975014551634e-06,3.995165049330192971e-06,3.824685938558414531e-06,4.849937352729741655e-06
3.963467486878379565e-07,4.149123413379926912e-07,4.422936669127517282e-07,4.763268095919711002e-07,5.276435723368362229e-07,6.051156561688043223e-07,7.314875713577325307e-07,9.677527737131595693e-07,1.537641300483727600e-06,1.001413063692154573e-05
3.340927304184545345e-09,3.366270901313265106e-09,3.399706568753678969e-09,3.435633854748055223e-09,3.481132431266100660e-09,3.535207225891583428e-09,3.598875804397397384e-09,3.673403973349346795e-09,3.758978435201170260e-09,3.883404334399373432e-09
-5.984500412172125551e-09,-5.985062544802794015e-09,-5.985604274397391280e-09,-6.019917476833201864e-09,-5.987645617429155358e-09,-5.989051215656121572e-09,-5.992670474420598748e-09,-5.994958585495607280e-09,-5.996079914849027929e-09,-5.996656398926386092e-09
6.659256804227737720e-09,6.657699236035819840e-09,6.654671562626285269e-09,6.505517543520470648e-09,6.646428051288064526e-09,6.640578584193833538e-09,6.631808766297191516e-09,6.622923653126259272e-09,6.613593182489516075e-09,6.595669895169509036e-09
1.941717790881609417e-08,2.141575275201372927e-08,1.629490680583368935e-08,2.230102648572682895e-08,2.227818292301813666e-08,2.186313952666753046e-08,2.145685048798549127e-08,2.118920920440968251e-08,2.630237760408633589e-08,4.693121415391837957e-10
4.492741634869430245e-10,4.536498778936807949e-10,3.319769815022199777e-10,5.395124940556332068e-10,4.083662963283192443e-10,3.934071171843586527e-10,5.215719226138454072e-10,5.377190977676389834e-10,9.955973814708535504e-10,6.163473983108035575e-11
7.304412736007909124e-10,9.014130253793050400e-10,7.737993280864591722e-10,9.750106611671460232e-10,8.610733611954598065e-10,7.227096957773077896e-10,9.532077462217646289e-10,9.759379629217248153e-10,9.647247708699744961e-10,4.469844991860892034e-10
3.802992591204316733e-09,3.857043870008142583e-09,3.777504400706748069e-09,4.091597930584532036e-09,3.920037286263226642e-09,3.807813901387431187e-09,3.891451917648132486e-09,4.073437382184777827e-09,3.923310921763142231e-09,4.326654484246436567e-09
2.530842851941680341e-09,2.694808922037334547e-09,2.535030335169462864e-09,2.771518036486115577e-09,2.731821659081256009e-09,2.635747920384259682e-09,2.790282410837050726e-09,2.771928300591178785e-09,3.432232217246253093e-09,2.420264617027986360e-09
-6.313862441853548450e-11,1.996979659079864656e-10,8.696396288182300271e-11,1.285437978368503449e-10,9.767533146962989785e-11,1.234059262343528602e-11,2.405201835080465476e-10,5.393743703042180655e-11,2.451961890949651756e-10,1.497847338907728983e-10
3.107691323495973947e-09,3.155263372667236895e-09,3.090565180989448678e-09,3.245071164609852367e-09,3.156579058603775190e-09,3.097387227781843283e-09,3.178704221184884916e-09,3.231517070829390012e-09,3.203732680447833108e-09,4.049222695879639904e-09
1.293630415210976486e-08,1.208530985345494716e-08,1.256796628574360298e-08,1.248028363550228020e-08,1.213155763693430452e-08,1.219344498936295856e-08,1.243772706609748905e-08,1.269701021353877056e-08,1.176239911422461095e-08,1.346917717491400086e-08
2.728806555695076009e-09,3.101471703133867808e-09,2.860252646479717360e-09,3.117802414578906164e-09,3.153082218847313888e-09,3.035629554508480981e-09,3.162823854836440700e-09,3.101972948039044592e-09,4.025390969058257222e-09,2.874572145865602606e-09
-4.670082879172113880e-09,-7.227352127831867843e-09,-6.269559992837808286e-09,-2.967558307420802208e-09,-5.692072179017086882e-09,-6.057340666685549302e-09,-3.944880211215077483e-09,-4.463405715148329237e-09,-6.260629316281739178e-09,-9.596982198902838348e-10
1.361762806626930308e-09,1.027444427582953855e-09,8.636530330366815287e-10,1.266070019107958955e-09,7.721271893870729117e-10,8.958462751006549710e-10,1.010392422739979416e-09,1.197982423134659515e-09,1.045033550647601514e-09,1.407147684547155602e-09
1.712163775356386025e-08,1.661014854920019051e-08,1.684046475020885219e-08,1.634216079334951088e-08,1.616544738218787965e-08,1.650328589199401904e-08,1.647452530542845831e-08,1.633053500462269203e-08,1.565436336022071472e-08,1.521675543145383858e-08
4.744270937774133740e-09,5.936871918429171470e-09,5.359408347912398478e-09,5.011077883354218722e-09,5.566968008249208422e-09,5.660762700324578057e-09,5.577034767101072828e-09,5.023356257604249818e-09,6.574973755968907226e-09,2.016759814805217655e-09
6.354368583196605492e-11,2.330329797743452421e-10,1.281285529515486576e-10,9.623959147800864928e-11,1.058510835278098220e-10,3.833219019409932263e-11,2.655247015330673667e-10,1.712300093719131843e-11,2.632752072770838693e-10,9.429761069438344286e-10
3.135938491919455988e-09,3.188526197327603998e-09,3.131608129734382222e-09,3.212698205786391144e-09,3.164688143318990806e-09,3.123314431791752335e-09,3.203641724768978427e-09,3.194640906421211520e-09,3.221760802847284807e-09,4.861570773283477841e-09
1.585462874662740793e-08,1.524318017764319148e-08,1.571594561732465184e-08,1.565850072437125162e-08,1.534203537028556875e-08,1.542264059297275637e-08,1.563792889846762109e-08,1.591057943163682709e-08,1.511745369507021168e-08,1.719809742338638528e-08
4.420679521745037190e-09,5.090633916074714819e-09,4.782667448970657688e-09,5.118050091929898716e-09,5.194157628972691486e-09,5.089112372920114681e-09,5.139513184670814159e-09,5.047469011034393573e-09,6.213193770473929998e-09,5.043034545158442711e-09
3.821602352179828579e-09,3.464986543764677575e-09,3.622788477713479546e-09,4.158536361039335391e-09,3.536713219019693940e-09,4.141185990123481077e-09,3.519974054100148433e-09,3.447343384132279154e-09,4.858934206371395463e-09,3.156259809570210807e-09
6.777782365515758100e-09,6.816660421922607338e-09,6.790676267038674480e-09,6.817662227226463009e-09,6.767562101267705567e-09,6.720355836199968063e-09,6.789997294589456995e-09,6.683662418934561678e-09,6.776792426860566259e-09,6.134548402075455697e-09
1.669215047105455387e-09,1.958176383098772800e-09,1.900466725330844890e-09,7.070924378262788459e-10,1.582843295917897284e-09,1.372912634627390930e-09,1.447660854382608652e-09,1.138697447788378592e-09,5.229084563978653904e-10,7.472920395982812866e-10
-4.055255892964192220e-09,-3.520507372393567813e-09,-3.979702630276933193e-09,-5.129534439214114825e-09,-4.052752839525784722e-09,-4.405553271257245296e-09,-4.111221324201688202e-09,-4.579213278442444219e-09,-4.087032331733215875e-09,-5.720377540306600130e-09
3.736151691801352924e-09,3.902985369078339060e-09,3.835351010536510325e-09,3.700054369303499536e-09,3.734549509194185650e-09,3.672298432206285145e-09,3.891151240864077305e-09,3.507216295055183235e-09,3.858007519275314627e-09,3.023204730878910256e-09
6.808458707661952618e-09,6.858410382714887560e-09,6.838647654515789307e-09,6.816448671738359803e-09,6.793325164732482366e-09,6.757220872974385463e-09,6.829201097633781089e-09,6.684672098502771331e-09,6.816447398531234910e-09,7.085317953408551426e-09
3.266408803176086566e-08,3.206611816036441543e-08,3.242313529925606387e-08,3.247711479431842438e-08,3.213277957544447829e-08,3.212545865737561839e-08,3.283142304676337593e-08,3.331132906121825603e-08,3.228498575887913090e-08,4.032193670609674465e-08
4.854475660257585773e-09,3.511344188496103183e-09,4.434262376167559521e-09,3.060126283522997624e-09,4.064051078741111442e-09,3.926791157620613769e-09,3.246025438096219586e-09,3.169020816093296086e-09,3.766967266843727669e-09,2.191614182884619560e-09
6.806043946088041012e-09,6.855601962475958191e-09,6.833311930893449739e-09,6.815388815944916300e-09,6.792403462470765268e-09,6.754179680506434876e-09,6.823253093606010231e-09,6.675554053760436496e-09,6.804758179359178775e-09,6.060095738819960927e-09
-8.951056456088237088e-09,-9.041868114370686679e-09,-9.257599112710166626e-09,-9.138696412402096746e-09,-9.209301914273559216e-09,-9.121953432431978930e-09,-9.054506293083741534e-09,-9.071587551701762133e-09,-9.017040968183176466e-09,-8.652149204898859617e-09
3.769434385431248412e-09,5.031548749267271084e-09,3.376845760193923923e-09,3.532617740333534124e-09,4.024867173669747896e-09,3.894310349925473172e-09,3.874904470807354527e-09,4.117160757837486372e-09,2.998268563146517733e-09,1.658850202597678178e-09
6.841741459461700928e-09,6.888002609499703836e-09,6.865269671902134276e-09,6.845463847187128531e-09,6.820655533537866411e-09,6.780015171117297372e-09,6.845611249792855658e-09,6.693764848823505717e-09,6.816347139458400618e-09,4.187025829381857027e-09
1.331218929254229459e-08,1.328015646659900345e-08,1.304484825719252811e-08,1.293533105902149001e-08,1.319203085080800559e-08,1.318775158738105760e-08,1.328003689269128752e-08,1.293024391342473996e-08,1.466392361953689958e-08,6.008360640268898301e-09
-2.011305218680134859e-09,-1.435166670218062978e-09,-2.228025733915636458e-09,-1.991394999458740599e-09,-1.777079120391964328e-09,-2.048444987697212006e-09,-1.571426100137826921e-09,-1.224501922165515347e-09,-1.242734212213451615e-09,-3.287697991052770209e-10
3.687295527754662830e-08,3.786826002032021007e-08,3.714303548015368076e-08,3.825616774879341640e-08,3.764526480410807899e-08,3.821615326235479901e-08,3.848590861539171226e-08,3.769724551989235089e-08,3.891295085034666890e-08,4.210901404691814217e-08
-5.686647610603145264e-09,-5.104493819410094985e-09,-4.608746498817766537e-09,-4.625187896524860787e-09,-5.693563781234923391e-09,-5.182370047656225278e-09,-4.842058232655201274e-09,-5.488991488464715875e-09,-4.329637369481805696e-09,-6.345649202494328453e-09
-7.626087616459570430e-09,-7.770226177851306439e-09,-7.979518113875153631e-09,-7.637610109554925472e-09,-7.853251854432246429e-09,-7.955584358336944205e-09,-7.644483572043327640e-09,-7.606299102692542180e-09,-6.753136834451734942e-09,-8.501835755894279321e-09
-4.853702401389508167e-09,-4.960609376575584372e-09,-5.251904674742116798e-09,-4.885901787878899802e-09,-4.949120012941577725e-09,-5.202312748129395199e-09,-4.803131102886452204e-09,-4.832780634845342009e-09,-3.816331350447368857e-09,-5.577263575653413265e-09
-2.355428456923526048e-03,-2.326509268448883391e-03,-2.296651610902627344e-03,-2.267154848573542120e-03,-2.238689566383084834e-03,-2.212639723639477952e-03,-2.189943379743247015e-03,-2.168287325671289928e-03,-2.109609501667428656e-03,8.138533804520730551e-08
-4.526201685963631813e-09,-4.516797221219669105e-09,-4.939836602781738840e-09,-4.584058564160488716e-09,-4.538389746020794727e-09,-4.849209207188133143e-09,-4.407815515622270772e-09,-4.517748276110567629e-09,-3.207078484674855387e-09,-5.264559867290118579e-09
-1.355362846037257851e-08,-1.513626232653944797e-08,-1.457401903406159176e-08,-1.149490534125864493e-08,-1.414632050583811272e-08,-1.442501725433666294e-08,-1.461155592606947825e-08,-1.140263935768411046e-08,-1.582954797841920025e-08,8.466523731279600958e-11
-4.948319787160851673e-09,-4.182135634832376284e-09,-2.638382318036876383e-09,-2.171362830890331126e-09,-3.490354796649059004e-09,-3.755538833501619727e-09,-5.503041356239935043e-09,-2.421559751828177911e-09,-1.498076655480571204e-09,-3.692126166866702961e-09
1.273174975952514297e-03,1.258141134407851332e-03,1.242846350757674783e-03,1.227959168125672710e-03,1.214155914988360651e-03,1.202533715510677387e-03,1.194589992131160237e-03,1.192503276005861751e-03,1.199482752864946145e-03,2.013512437184206778e-07
-2.254319881171627729e-09,-1.969089300330002521e-09,-2.482091891963878976e-09,-2.055317765550204316e-09,-1.960345386878126997e-09,-2.275618679169294728e-09,-1.891189192514067273e-09,-2.067186254003737196e-09,-4.992642483101029933e-10,-2.700420042306857670e-09
1.263835649953072875e-08,1.127712591670244856e-08,1.143396832961965012e-08,1.322233895956861578e-08,1.277882523193722707e-08,1.353889670013523559e-08,1.392875665604754678e-08,1.247140794119481439e-08,1.366177853766106416e-08,1.814362928877384833e-08
-1.343763162811476654e-08,-1.449968249628868594e-08,-1.896312788870591931e-08,-1.587984866694791777e-08,-1.270439116296904942e-08,-1.250577694451673766e-08,-1.534657124106640457e-08,-1.177994180038804688e-08,-1.258979707128164778e-08,-1.427624199958190914e-08
1.099529133164112464e-03,1.086543367274290768e-03,1.073333193122106514e-03,1.060479131705353026e-03,1.048556366632268566e-03,1.038519848952473758e-03,1.031658950060026494e-03,1.029858040913073092e-03,1.035884432914973121e-03,1.386906883059197801e-07
8.753451488941752294e-09,8.821677087459008014e-09,1.152752263560877285e-08,8.440944305554807054e-09,1.081199133710581682e-08,1.100776870336756552e-08,8.975760627535671528e-09,9.774539630386402372e-09,5.912088940446141347e-09,1.061557344113217823e-08
1.114365910488053693e-08,1.059436104246355799e-08,1.040938178365886506e-08,1.052322979146308394e-08,1.025479077305349735e-08,1.088891132582341797e-08,1.015282160386105844e-08,1.018910544885753865e-08,8.101356826116205018e-09,1.787790428729281895e-08
-1.390192125496178654e-08,-1.353768375250041757e-08,-1.035881193671836367e-08,-1.170180114790978388e-08,-1.407677394808564515e-08,-1.117096035686550413e-08,-9.632584514999447232e-09,-1.287287553782591116e-08,-1.167286046082207912e-08,-8.708172510773788939e-09
3.007855997458410763e-08,3.308099896736768504e-08,2.917924515776426860e-08,3.243637547865990387e-08,3.102806626008090348e-08,3.199543360935851850e-08,3.197712072204640100e-08,3.077376852024152861e-08,3.346509915160271528e-08,3.428444383843031197e-08
-1.665276681042266306e-08,-1.389118659322919585e-08,-1.766766626230031147e-08,-1.558489432050247019e-08,-1.280645334323808345e-08,-1.621014279820739051e-08,-1.483194976441578750e-08,-1.630326004913966084e-08,-1.470509975625888810e-08,-1.749123203536199973e-08
3.564540256370999687e-08,4.315741698938424642e-08,4.362326990619269553e-08,4.351114590421112704e-08,4.338058217591663544e-08,4.342901006715991346e-08,4.393780990090384707e-08,4.293323796441843665e-08,4.358853775656128742e-08,4.372409468954313049e-08
1.924342912588795342e-14,1.899748601693128307e-14,1.879039614873262643e-14,1.931675221378860484e-14,1.986717230612318186e-14,2.092498448888385121e-14,2.278089418420077753e-14,2.577059892667494626e-14,2.986888980286558548e-14,-4.728888673649991384e-14
-7.796007383962140084e-11,2.135479983457819652e-10,6.798682629524023596e-10,5.758025949681312094e-10,7.140918033910302475e-10,3.011355055407782595e-10,3.679699089569403791e-10,5.115371730406102399e-10,-3.177335106669060143e-10,1.792472707862055950e-09
2.543519694794145255e-09,2.377784859826073045e-09,2.604110549451515753e-09,2.904555075994313106e-09,2.921334947608308804e-09,2.458522820675904638e-09,2.646676214999444546e-09,2.980493658322869885e-09,2.355518775393084263e-09,3.065153752842496433e-09
-1.137650628394552084e-08,-1.153747153595477755e-08,-1.154595468436547090e-08,-1.068529567099437682e-08,-1.146507502649888595e-08,-1.119897436888371860e-08,-1.121618075737808531e-08,-1.099432798078522407e-08,-1.083124695832924023e-08,-1.120519955531637582e-08
-9.952635048321349595e-09,-1.046453493715271667e-08,-1.066063424112188572e-08,-9.582492937615849095e-09,-1.039766315307447402e-08,-1.012852075093660453e-08,-1.006605441981318730e-08,-9.807041868830191598e-09,-9.378390614074820679e-09,-1.085192778556515764e-08
-1.142347983734245651e-08,-1.118323084559067230e-08,-1.121056429648435536e-08,-1.151928012853420278e-08,-1.148312582497866054e-08,-1.135419352361085061e-08,-1.140114091793033677e-08,-1.144822534204787193e-08,-1.178703852764880377e-08,-1.092481944110064974e-08
-9.979942309380200519e-09,-1.010523163412155880e-08,-1.033055482012913450e-08,-1.041384538417544775e-08,-1.040443535868616475e-08,-1.028694365793803458e-08,-1.025330391453953907e-08,-1.025245914949821871e-08,-1.032442597634130981e-08,-1.055170839476502253e-08
-5.261521634633222934e-10,-1.377093054744649458e-10,-6.845710065773114702e-11,-4.673514710936001616e-10,-3.189936371376739776e-10,-2.396743157809363058e-10,-3.247857933893380607e-10,-4.886549698442570645e-10,-4.168863789595195431e-10,-1.155199999170012042e-09
1.891321684670935971e-09,1.892682168745126553e-09,1.734199213272122050e-09,1.597823720762604066e-09,1.728627071406733162e-09,1.778636890248528455e-09,1.791037988740995116e-09,1.667667629585163423e-09,2.136712862956281966e-09,-3.313249834458953671e-10
4.694171867643274330e-09,4.271441758170184533e-09,3.862898147636410187e-09,4.024585565685686042e-09,4.138099555774469968e-09,4.144464987409162038e-09,4.272255595970628425e-09,4.193431405432104280e-09,5.142391201335581981e-09,5.913154471966999777e-10
6.755957111759475671e-09,6.728955973438162911e-09,6.813155885562930988e-09,6.704308325823114467e-09,6.916310139940680683e-09,7.156099372353077810e-09,6.461116155293214488e-09,5.857007188610409276e-09,7.926181178369561982e-09,5.678213454896469831e-09
1.169772125747784632e-08,1.215991869380820066e-08,1.216639591419663452e-08,1.111551945246644571e-08,1.272368518979313806e-08,1.175728859116510888e-08,1.201704999871701679e-08,1.200778115190792644e-08,9.412605970946030197e-09,1.617587031440263927e-08
1.730637808882397178e-05,1.820989172217003696e-05,1.956174791126607940e-05,2.131841470093475026e-05,2.405814327930986336e-05,2.844855497230536085e-05,3.634169965411536115e-05,5.410896684341854262e-05,1.257997496039717287e-04,4.704087776329597153e-07
3.849389282766075093e-10,3.966879302105734908e-10,3.967763349596549987e-10,4.481801045571546931e-10,4.210199108741240658e-10,4.030045740192040528e-10,4.102441667317386629e-10,4.131672585736644246e-10,4.172548427477094133e-10,9.102638362652854919e-10
5.769887428377584726e-03,5.700652571003123753e-03,5.629774782749406674e-03,5.560354459010489331e-03,5.494872311801353437e-03,5.437655446302546575e-03,5.393656649275783456e-03,5.366399924269484728e-03,5.326449344709955486e-03,4.918294034823451708e-07
1.730592916515017344e-05,1.820943841936734995e-05,1.956141630366433978e-05,2.131787552540490770e-05,2.405773523457004447e-05,2.844816187728504723e-05,3.634117838274212030e-05,5.410842940751898030e-05,1.257987542685182127e-04,4.702505444039819154e-07
4.712977160542228222e-09,4.701205448165063116e-09,4.691238380752136973e-09,4.823605240746913431e-09,4.709152843108471385e-09,4.668662111936560484e-09,4.701339092477209996e-09,4.670564629196121682e-09,4.714652969885351366e-09,5.215983774847730502e-09
5.654143276436908450e-03,5.586275417949346928e-03,5.516788257732154095e-03,5.448720945281841296e-03,5.384493822056655998e-03,5.328333342430769705e-03,5.285056690998180332e-03,5.257989766711463654e-03,5.217404358322734470e-03,4.717651275984314774e-07
1.730412917549126948e-05,1.820764542341932036e-05,1.955965552079927015e-05,2.131607940452317262e-05,2.405586485970459001e-05,2.844624920124202074e-05,3.633934166021670519e-05,5.410662195755015932e-05,1.257962870700985271e-04,4.681514902017533732e-07
7.251209695953439612e-09,7.237093588707258919e-09,7.307202480631394448e-09,7.292576521633686534e-09,7.261289201008573059e-09,7.235838626568338249e-09,7.230325506568482843e-09,7.137496582655635520e-09,7.197379774299238793e-09,8.168466264593882680e-09
5.306919492286003848e-03,5.243151813102012518e-03,5.177836257128474659e-03,5.113828401941957966e-03,5.053366124642208121e-03,5.000375019180794585e-03,4.959264938110093633e-03,4.932767207218225446e-03,4.890277750877762043e-03,4.208067429423466080e-07
-1.543572863295660645e-09,-1.616367870210648880e-09,-1.654150501920601377e-09,-1.721503541884934256e-09,-1.750978167616448875e-09,-1.669220790481596293e-09,-1.648491162147456781e-09,-1.798082697255386077e-09,-1.630805510572219903e-09,-2.545333267774945598e-09
2.372734133791141401e-03,2.344718344370512551e-03,2.316212811927005882e-03,2.288472248366834640e-03,2.262746671656903213e-03,2.241087229717783104e-03,2.226284061831780396e-03,2.222395142994200521e-03,2.235406232156506804e-03,3.859556718060262984e-07
6.426366272647324278e-09,6.406761288546975434e-09,6.482196126311387138e-09,6.362245614645537841e-09,6.383569709636244288e-09,6.390297349357812677e-09,6.380176182859254972e-09,6.203001620449191708e-09,6.339722264226916753e-09,6.622386037711420849e-09
2.372734132290218317e-03,2.344718342997510144e-03,2.316212810402564718e-03,2.288472247073763087e-03,2.262746670467971014e-03,2.241087228492479391e-03,2.226284060666287781e-03,2.222395142033933933e-03,2.235406231319743420e-03,3.859556722122773289e-07
2.799106540900387914e-09,2.794424655357294987e-09,2.824234170593756905e-09,2.798577320762403810e-09,2.792833701945353958e-09,2.785111060148395249e-09,2.779432377813835302e-09,2.717382763361508019e-09,2.761856668142694217e-09,2.241407208734099952e-09
1.099559197065541356e-03,1.086576740244790066e-03,1.073366178324208125e-03,1.060512419946658610e-03,1.048590013667783337e-03,1.038552790287748748e-03,1.031693501944648149e-03,1.029891119933337793e-03,1.035921789264562538e-03,1.818257478076963783e-07
2.763502492116815518e-09,2.759917721903135686e-09,2.796189312339689943e-09,2.736495252578922861e-09,2.755216693033329068e-09,2.761848936429616504e-09,2.759976721275564705e-09,2.672002460388661228e-09,2.751175957727968743e-09,3.690074914323716086e-09
1.099559197083863288e-03,1.086576740259220797e-03,1.073366178336902831e-03,1.060512419989257347e-03,1.048590013669890592e-03,1.038552790308746275e-03,1.031693501977376960e-03,1.029891119944801280e-03,1.035921789256458777e-03,1.818257474901521438e-07
2.809093646403880460e-09,2.803448088699965151e-09,2.838200009648537807e-09,2.772637170421450238e-09,2.787428607267092006e-09,2.790325615556548859e-09,2.784054007310352748e-09,2.690588799004411971e-09,2.763095588885191837e-09,2.660947370721615479e-09
2.834433642436171586e-09,2.828221465235773557e-09,2.860155477262231835e-09,2.792617095335618818e-09,2.803933282929031231e-09,2.803002260857818633e-09,2.792618421376942024e-09,2.694405414628764185e-09,2.762184525126562629e-09,6.794038219266445348e-11
3.867456411753106298e-08,4.135294461158204926e-08,4.057862618142825228e-08,4.148045302788738884e-08,4.169865607867069752e-08,4.218405493433226537e-08,4.226387150973067234e-08,4.199977266053900235e-08,4.331329439792601998e-08,4.921431995057624553e-08
3.981495427531301944e-08,4.147480782675347684e-08,4.114758042677383549e-08,4.191085248772156079e-08,4.177914132956389845e-08,4.241604987758305646e-08,4.227289593230205373e-08,4.172561337079345535e-08,4.288638311066002780e-08,4.712544579182862017e-08
-5.559722843368518658e-09,-5.530830641959365852e-09,-5.562970654910875005e-09,-5.533669255172604956e-09,-5.504392295681862599e-09,-5.508174022995029231e-09,-5.512449187395819781e-09,-5.383314766700731443e-09,-5.511570032741282085e-09,-5.134197621947574893e-09
5.769891764312084191e-03,5.700656498194353085e-03,5.629778570010658678e-03,5.560358457966119508e-03,5.494876197742566346e-03,5.437659440515110569e-03,5.393660710276328846e-03,5.366403880886040818e-03,5.326453520592046124e-03,4.964300783367109199e-07
1.730069114332507003e-05,1.820478692729814572e-05,1.955713885705966600e-05,2.131378922055512023e-05,2.405244944023744713e-05,2.844337233489951011e-05,3.633685734194404650e-05,5.410347761555181766e-05,1.257954197501157936e-04,4.641232981109280191e-07
2.361865489720509803e+00,2.334008217462157475e+00,2.305814938590284857e+00,2.278163551110480078e+00,2.252652313851799981e+00,2.231220742889195918e+00,2.216656706556696221e+00,2.213087593608090486e+00,2.227033868346463219e+00,2.340323453920124752e+00
-1.771390034157655793e-09,-1.887835314237897287e-09,-1.998657594901655092e-10,9.338080010341257829e-10,-1.264580041279760452e-09,-8.847828094382560888e-10,6.977108738831654826e-10,-8.097319433048975803e-10,-1.860168969355284223e-09,-1.055182286981532472e-09
2.361194795995572360e+00,2.333293302460518692e+00,2.304902807393418573e+00,2.277247556413259488e+00,2.251623561351351555e+00,2.230071345124895910e+00,2.215407463740293181e+00,2.211785295827690234e+00,2.225910616100401640e+00,2.416797347893166581e+00
8.673828738842206265e-06,9.128881610805339398e-06,9.809955632677881402e-06,1.069532264171274792e-05,1.207724403849429883e-05,1.429496744210059764e-05,1.829121732179776606e-05,2.733087620119277865e-05,6.445416788487648202e-05,7.542401573603658982e-02
1.735759378097171147e-05,1.826769181073137501e-05,1.962982777271185075e-05,2.140054481527414132e-05,2.416435849259662886e-05,2.859975157112846434e-05,3.659213253083705821e-05,5.467107688643260357e-05,1.289146036943061261e-04,1.462813056122994892e-01
9.198080279879248330e-09,9.175302225877625636e-09,9.162165506589649382e-09,9.115591320840063578e-09,9.084779239367597321e-09,9.079124223416989799e-09,9.077785525230929140e-09,9.074415020649347042e-09,9.074497551093840158e-09,7.989333817061606118e-09
2.156452695914861704e-06,2.234698981436512052e-06,2.348669721915902040e-06,2.478516636692298942e-06,2.667111235688378639e-06,2.928799461128150868e-06,3.307062689401501804e-06,3.889196925453248740e-06,4.856678956353309216e-06,1.230160149786830440e-05
1.909850923511877765e-06,2.044760119499085956e-06,2.126456626209514752e-06,2.212324711130636981e-06,2.333318775682921784e-06,2.489735865126257925e-06,2.696338788400724524e-06,2.976713584535901608e-06,3.359480886774967061e-06,5.016758125433622013e-06
9.318174462443823346e-07,9.995189438216371227e-07,8.299951029401157416e-07,1.032685811700802201e-06,1.034799335789084086e-06,1.024580274524581184e-06,1.015739718210920678e-06,1.012984504377968960e-06,1.206525301548558646e-06,8.294846051461233633e-08
6.692035403319490857e-09,6.693208096004989891e-09,6.694877557691641072e-09,6.696746003257164723e-09,6.699048054599124765e-09,6.701752295892578267e-09,6.704970322168552862e-09,6.708705410626240360e-09,6.713004910681713492e-09,6.718133162840441708e-09
5.018613979582224004e-08,5.547548199998931968e-08,5.580236232879671180e-08,5.581790263475289096e-08,5.578148035723006654e-08,5.589270558144708174e-08,5.635861042435646234e-08,5.561360271302983005e-08,5.622625402807170246e-08,5.645578423660570684e-08
-2.200977405114277135e-08,-1.595215362065016909e-08,-1.534491537275831755e-08,-1.653256562913643491e-08,-1.607345440635253567e-08,-1.582243723763550496e-08,-1.664483170602173468e-08,-1.556109655479267754e-08,-1.583682501994888183e-08,-1.530657270590074299e-08
8.116491079478952038e-08,8.143384599690934588e-08,8.167553114096317245e-08,8.194254316678208882e-08,8.263056066203713918e-08,8.302967789500339028e-08,8.361236222136698928e-08,8.429959723905826857e-08,8.515527221592679486e-08,8.620943715989264746e-08
-2.589703535964445445e-06,-2.685817989121232553e-06,-2.824113836757795055e-06,-2.985508813196682466e-06,-3.217274869551834226e-06,-3.541902947403219150e-06,-4.014773930772891477e-06,-4.750871195480210425e-06,-5.997812886977974856e-06,-1.413088522024379710e-05
7.446918341620390250e-03,7.359577257355436400e-03,7.271174212415609447e-03,7.184982248220130562e-03,7.105878144116928828e-03,7.040477179783733754e-03,6.998574063257918462e-03,6.996562885219653229e-03,7.078871072006681468e-03,4.744002900233477288e-02
4.264145030026262475e+02,4.264146200271788416e+02,4.264148065268273626e+02,4.264151525884092280e+02,4.264155110054307443e+02,4.264159611913477193e+02,4.264164910415923941e+02,4.264172093773315737e+02,4.264187381099804384e+02,4.263834310482589558e+02
3.536923661917475101e+02,3.536922552428176800e+02,3.536917868378230878e+02,3.536914548632128117e+02,3.536912474721144690e+02,3.536909747068376646e+02,3.536904877882216738e+02,3.536900771787802000e+02,3.536890851025659117e+02,3.536990653648605871e+02
5.308580107384239586e-09,6.730886694895740055e-09,6.692000913268001766e-09,6.393862647777568458e-09,7.129448942943101028e-09,6.852212597570585285e-09,6.826907635804508692e-09,6.180989376009269929e-09,6.412556226579419972e-09,6.003845734699760971e-09
1.321040301159922609e-08,1.321487459198881626e-08,1.321607811445117694e-08,1.322002389183748389e-08,1.322418178164790115e-08,1.323005532681494001e-08,1.323783506067014056e-08,1.324781384413808364e-08,1.326062765199463688e-08,1.327357737864598960e-08
6.845241264816734186e-10,6.822455675585490327e-10,6.614395511065302631e-10,6.581188676054185534e-10,6.660472625700623495e-10,6.376594646623924817e-10,6.386561690524646541e-10,5.838909279396169062e-10,5.699919271634499538e-10,5.083901168211703998e-10
5.777536821165783625e-06,6.081175971258703005e-06,6.535627086993857582e-06,7.126472354303859263e-06,8.048797190730891277e-06,9.529147472652733120e-06,1.219752677736298045e-05,1.823709390443050129e-05,4.309358856057089450e-05,6.293151519822344497e-02
6.845241250381012848e-10,6.822455712617878315e-10,6.614395545659404123e-10,6.581188704403526283e-10,6.660472623026230701e-10,6.376594660667766238e-10,6.386561671379092178e-10,5.838909311808505174e-10,5.699919198913894126e-10,5.083901146281731480e-10
7.668957226273612378e-03,7.578698370354033063e-03,7.487056841246671028e-03,7.398037411505793519e-03,7.315929432563323363e-03,7.247699744544835315e-03,7.203311057438090310e-03,7.199325771235886261e-03,7.280481267286887173e-03,4.740912592389421448e-02
-7.446918341496166702e-03,-7.359577257232530374e-03,-7.271174212296320320e-03,-7.184982248104669102e-03,-7.105878144007646453e-03,-7.040477179682625396e-03,-6.998574063167632177e-03,-6.996562885143295905e-03,-7.078871071947348721e-03,-4.744002900248673465e-02
-8.883628602915722539e+00,-8.884781516972880766e+00,-8.885686767417896093e+00,-8.887333759534856270e+00,-8.888662613357677600e+00,-8.890131784419086358e+00,-8.892045650252583755e+00,-8.893857918385970507e+00,-8.897249795431298125e+00,-8.596158732663941038e+00
1.372681587550404405e-08,1.370763194987292060e-08,1.355710883074380545e-08,1.350916087210719883e-08,1.340250782669486992e-08,1.335541488965907210e-08,1.331296932563119049e-08,1.325540148202489464e-08,1.325280948120502557e-08,1.048006620213870505e-08
8.910778389572046265e+00,8.911618728128166467e+00,8.912206525604178253e+00,8.913548803386012409e+00,8.914597234239881374e+00,8.915835360750316241e+00,8.917601914352289327e+00,8.919406126017673131e+00,8.923062433708880192e+00,8.854758876060252248e+00
-4.314227822111845242e-06,-4.430021134188731379e-06,-4.594417262949967511e-06,-4.763466701334427687e-06,-4.997168803327839660e-06,-5.295126488325403669e-06,-5.679163771733179604e-06,-6.184047421629178156e-06,-6.842490233537040660e-06,-7.461720075697915486e-06
3.107807404942279920e-09,3.104595852353547355e-09,3.100720007714300889e-09,3.095322197084376004e-09,3.089367221228499360e-09,3.082673966249196010e-09,3.074724622100606359e-09,3.065299784635834900e-09,3.054099024445848267e-09,2.962918442157828448e-09
2.204155291564066887e-09,2.202013077211367772e-09,2.199444555021690465e-09,2.195846130823657597e-09,2.191847256627383048e-09,2.187387072368126492e-09,2.182089486670031687e-09,2.175803039868484249e-09,2.168319617658089328e-09,2.105147390263309859e-09
2.204157072345354763e-09,2.202013146913927791e-09,2.199442634968570713e-09,2.195828778838083174e-09,2.191846935961334139e-09,2.187386136815157361e-09,2.182087001090141468e-09,2.175802477968366824e-09,2.168320867936799962e-09,2.105143880776391255e-09
3.107807831017068912e-09,3.104595932106984609e-09,3.100718867025491762e-09,3.095321163128175616e-09,3.089366748955060629e-09,3.082672677351913630e-09,3.074723033971256858e-09,3.065299440285946970e-09,3.054099613934150558e-09,2.962915756556907925e-09
2.651320547744992137e-03,2.613651862634138422e-03,2.573885227645754826e-03,2.532764843971965947e-03,2.492202112113263771e-03,2.453876743905488225e-03,2.419419523479031733e-03,2.387669582656987578e-03,2.324088968067465361e-03,3.944889610420214572e-05
3.406928716603391466e-05,3.228111584768966817e-05,3.021451582639195492e-05,2.766943672739631112e-05,2.500789575850163743e-05,2.227096638557283083e-05,1.956839885063462120e-05,1.699096565530956859e-05,1.458574275662810590e-05,1.075090260654891566e-05
1.030493051291626275e-04,9.760380795717171439e-05,9.131894005785010755e-05,8.357099056722183639e-05,7.548017512853901943e-05,6.716621554280464718e-05,5.896644893874558504e-05,5.115594190765647908e-05,4.387130016950896650e-05,4.034109842785812083e-05
5.719557444843815543e-05,5.493582653328283076e-05,5.252243893724674128e-05,4.972795441044752411e-05,4.754063904326208937e-05,4.681317099731958963e-05,4.986007468991008663e-05,6.382549635011731785e-05,1.351643535129935726e-04,1.462861736535357449e-01
1.703370124084121334e-02,1.683337013793367518e-02,1.663035599677378448e-02,1.643222210309584763e-02,1.624976366374641587e-02,1.609776469919439734e-02,1.599763512215657962e-02,1.598341492579622575e-02,1.613262098701149713e-02,3.159608672058166201e-01
-6.509234795535444662e-06,-6.851091748975480902e-06,-7.362785682426229086e-06,-8.028058967232972357e-06,-9.066641222762254659e-06,-1.073388572955522507e-05,-1.373981306209406332e-05,-2.054703890341888590e-05,-4.861471813096446992e-05,-5.301943580247431287e-02
8.669531550366008926e-06,9.124065590164939687e-06,9.804326964021963000e-06,1.068855258195569232e-05,1.206851617975369169e-05,1.428262680271735800e-05,1.827089030510237975e-05,2.728545923228980664e-05,6.420380844623600335e-05,4.616369810178114902e-02
1.702214477809949750e-02,1.682120717637083582e-02,1.661728530992606992e-02,1.641797145122582402e-02,1.623367134930699118e-02,1.607871707935312755e-02,1.597326283497069871e-02,1.594700126512460514e-02,1.604680322375018689e-02,1.070705449648285956e-01
1.645664468790183780e-05,1.733469906420921652e-05,1.865680279668060899e-05,2.038393815071471739e-05,2.308609336217916884e-05,2.743995853096233191e-05,3.532193682064706106e-05,5.324673571478000998e-05,1.272750680638188941e-04,1.527358704361118924e-01
5.363995137210693785e-06,5.515440476553793139e-06,5.730411844299335082e-06,5.952364895028225884e-06,6.259537611570015179e-06,6.652317663745437321e-06,7.160450580481890779e-06,7.831548985813136836e-06,8.711512755359053183e-06,4.842278330862109618e-05
2.997158341539959167e-04,2.961812033895256150e-04,2.925727081369554360e-04,2.890763364434444831e-04,2.858252065094920918e-04,2.830866185301646881e-04,2.812134636027708028e-04,2.807184943387198116e-04,2.823660102833339580e-04,1.232202910195118649e-07
-2.506373162498315654e+00,-2.476729805493471215e+00,-2.446623673798764109e+00,-2.417214818998857151e+00,-2.390013824237170681e+00,-2.367146687650831804e+00,-2.351599340092090706e+00,-2.347781612017430408e+00,-2.362720872001176531e+00,-2.375477887324239479e+00
-1.411221130434913284e-13,-1.395278108468788002e-13,-1.361405845670886882e-13,-1.332305389605432111e-13,-1.284141802031030416e-13,-1.225396085918856146e-13,-1.154404988003238590e-13,-1.071254142496611723e-13,-9.755115546689090998e-14,-4.693658395844301855e-14
2.997158340128738309e-04,2.961812032499977943e-04,2.925727080008148798e-04,2.890763363102139254e-04,2.858252063810779397e-04,2.830866184076251228e-04,2.812134634873303222e-04,2.807184942315944570e-04,2.823660101857827591e-04,1.232202440829319363e-07
1.647443587705082017e-09,1.649605776853077048e-09,1.649408043556974190e-09,1.650158243681734827e-09,1.650624651333590992e-09,1.651563019581938414e-09,1.652674544620760563e-09,1.654218763274088149e-09,1.655904942699228398e-09,1.628366684223418905e-09
5.915168237978277663e-08,5.917800508167820972e-08,5.917864395909140799e-08,5.919009733882776750e-08,5.919954971817638516e-08,5.921497734559878015e-08,5.923406402689617477e-08,5.925882065442885538e-08,5.928793728725289805e-08,5.928094306907269625e-08
2.378362252392266569e-08,2.378966678754828772e-08,2.379053424704064788e-08,2.379400399445621151e-08,2.379745343626919993e-08,2.380250865230073455e-08,2.380896222338978534e-08,2.381717862026624080e-08,2.382746178197388208e-08,2.383654280889425637e-08
5.775914287091862137e-02,5.707729630340710458e-02,5.638514969608388744e-02,5.570870851451185241e-02,5.508324623509744389e-02,5.455736985586511628e-02,5.419968010387733043e-02,5.411147749573604754e-02,5.445519544221003733e-02,1.541358402121829341e-01
1.155183495985014908e-01,1.141543813983510597e-01,1.127702034396760311e-01,1.114173238512804198e-01,1.101663044916320472e-01,1.091146337208760836e-01,1.083992984677622090e-01,1.082228649021911709e-01,1.089103504907996262e-01,3.082715100190415169e-01
8.507735511043032446e-09,8.509739799776561518e-09,8.511183241712322523e-09,8.513615433062299063e-09,8.516528887419173300e-09,8.520396203146454525e-09,8.525245396324833937e-09,8.531368557893014926e-09,8.538960275972679754e-09,8.546330659951238778e-09
-1.856393855741633220e-06,-1.958229609153125654e-06,-2.039418134573211588e-06,-2.125210886554002211e-06,-2.248769597946422635e-06,-2.408733246270730384e-06,-2.622517306403454686e-06,-2.915837792279603856e-06,-3.326256685344316908e-06,-3.693863655918931527e-06
9.417901513162890481e+00,9.306719812805765102e+00,9.193893595525025830e+00,9.083614996540275044e+00,8.981654865170503044e+00,8.895949666999870331e+00,8.837674952724553279e+00,8.823343565355640905e+00,8.879336876014869873e+00,9.514207905924180864e+00
1.012847730915629289e-02,1.000890783725129699e-02,9.887561422603339048e-03,9.768962124031008512e-03,9.659290672422528312e-03,9.567072412083175992e-03,9.504290046128776454e-03,9.488472148021651759e-03,9.545790408540406544e-03,4.313574033391504194e-05
2.535262274824968704e-03,2.504229772820031671e-03,2.472218830935532605e-03,2.440644636198534018e-03,2.410260600545868683e-03,2.382625929570838900e-03,2.358925679928927828e-03,2.337349509163512418e-03,2.282695887095703268e-03,1.393909063811186204e-07
1.725062481276555797e-05,1.814237287902077488e-05,1.949037586697143594e-05,2.122040576739286447e-05,2.393007193738762257e-05,2.826654622269277181e-05,3.604106456615846629e-05,5.343577967704464619e-05,1.220952452822100863e-04,1.748628367544686933e-07
3.572411600757562783e-02,3.530243480202840956e-02,3.487451355336779885e-02,3.445632060586318463e-02,3.406972813955641555e-02,3.374491875803337787e-02,3.352445075959448878e-02,3.347157688344207238e-02,3.369109726007333411e-02,2.065399701776703123e-01
-1.707953797419515884e-07,-1.711944994992942921e-07,-1.716005011045670831e-07,-1.720454754454506356e-07,-1.729268275161348992e-07,-1.734708171378316926e-07,-1.744911745344153671e-07,-1.757247424691483991e-07,-1.770631870371020205e-07,-1.787553415342679715e-07
-1.263049190596982889e-07,-1.266802479359892633e-07,-1.270524612151073751e-07,-1.274293339871297476e-07,-1.282430810682294254e-07,-1.288270500010519244e-07,-1.296154582754081637e-07,-1.306431917958526145e-07,-1.317634063890225429e-07,-1.333316978241056498e-07
8.609975405473929352e-03,8.508616417955179242e-03,8.405878860540748343e-03,8.305481404173134172e-03,8.212783143476228703e-03,8.134978434147597387e-03,8.082219420927129819e-03,8.069340766928735295e-03,8.118203824760803974e-03,4.331235464594092511e-05
8.609975403200405969e-03,8.508616323923863523e-03,8.405879070559969107e-03,8.305481479617658064e-03,8.212783068447018428e-03,8.134978407595814046e-03,8.082219511414221597e-03,8.069340783928740865e-03,8.118203863862470324e-03,4.331268678563581615e-05
-3.903467380067397130e+02,-3.903465093986441730e+02,-3.903462451467921710e+02,-3.903458172453629231e+02,-3.903455570349398727e+02,-3.903452979631812809e+02,-3.903448947958925146e+02,-3.903446383514882996e+02,-3.903442323181572533e+02,-3.903487130959597380e+02
8.609907110129310162e-03,8.508549630712713627e-03,8.405813975748585923e-03,8.305417931423648981e-03,8.212720929703523978e-03,8.134917439436933212e-03,8.082159330556811308e-03,8.069280795970424844e-03,8.118143147326764911e-03,4.331268505881575388e-05
8.609907110174407768e-03,8.508549630757316837e-03,8.405813975791971357e-03,8.305417931465691739e-03,8.212720929743459047e-03,8.134917439474122214e-03,8.082159330590411167e-03,8.069280795999441563e-03,8.118143147350204494e-03,4.331268505652465173e-05
8.609907110119522852e-03,8.508549630703013053e-03,8.405813975739289540e-03,8.305417931414940669e-03,8.212720929695714253e-03,8.134917439430405448e-03,8.082159330552105003e-03,8.069280795968221745e-03,8.118143147327738091e-03,4.331268508929731191e-05
6.160954963935892526e-09,6.143280833200880931e-09,6.121481239818726245e-09,6.092749451884646557e-09,6.060057239281431891e-09,6.023000703754704116e-09,5.979067366157055960e-09,5.927074610343691422e-09,5.865707010448728237e-09,5.431768508006668360e-09
6.251439563365657889e-10,6.212782391499695223e-10,6.324441227249083931e-10,6.287546787160553072e-10,5.960017562478814363e-10,6.417119790018042215e-10,6.497870740392634107e-10,7.300987801023474041e-10,6.866184377687416454e-10,6.019160077167253270e-10
1.836318153318962064e-05,1.930715257262563875e-05,2.071032303138135451e-05,2.252436267459794405e-05,2.534892736114506131e-05,2.986284481409475834e-05,3.795864159873729872e-05,5.617716358099204859e-05,1.306155213137321952e-04,1.527395785090487068e-01
1.647404520132680796e-09,1.649538721484440293e-09,1.649381179711146906e-09,1.650096284349737411e-09,1.650564140556792198e-09,1.651508492620871635e-09,1.652630895390973395e-09,1.654181701474680115e-09,1.655868371211319120e-09,1.656397863411908443e-09
-1.221204458588923014e+00,-1.221980884551162827e+00,-1.222204046902434671e+00,-1.223139830846952991e+00,-1.223631222623454473e+00,-1.224005157284289380e+00,-1.224310963723368451e+00,-1.224368570372557086e+00,-1.224469537723690937e+00,-1.354524856968714497e+00
1.287186659264075939e+00,1.287185025682401118e+00,1.286618898200916350e+00,1.286783103209858670e+00,1.286561265304779766e+00,1.286335558633910470e+00,1.286232994101969007e+00,1.286186870848266217e+00,1.286655543884579256e+00,1.354716965987715627e+00
1.141969673325560458e-04,1.135743280488781898e-04,1.131969731257830036e-04,1.131623837142646386e-04,1.137198578888184964e-04,1.155912429928043024e-04,1.201529216066294015e-04,1.353121226078630795e-04,1.790896065191966075e-04,4.876855358239040594e-02
1.516304604757129902e-04,1.502640392260650738e-04,1.490766202945884738e-04,1.480398212220777909e-04,1.476663061486768497e-04,1.481623071124285281e-04,1.504541180366217974e-04,1.540593019478719893e-04,1.882308387535772316e-04,2.438636752511745900e-02
8.678229009870875091e-06,9.133813501251561442e-06,9.815720154057608346e-06,1.070225703697032665e-05,1.208618538891769026e-05,1.430761318888767360e-05,1.831205674978143204e-05,2.737748601223487430e-05,6.471217179477411206e-05,3.098067947543863276e-01
1.786237210143263449e-02,1.765152400516424580e-02,1.743755587676001223e-02,1.722845214734696623e-02,1.703514928238274509e-02,1.687273909310120501e-02,1.676250138432210796e-02,1.673606356874527204e-02,1.684582743425600687e-02,1.032806627636948527e-01
5.012887682034317116e+00,4.953705319612180524e+00,4.893645937380227018e+00,4.834941593058056597e+00,4.780662367724977990e+00,4.735031482496081523e+00,4.703993618811132649e+00,4.696325223231402113e+00,4.725977881016690141e+00,4.757291030956047884e+00
-8.650203507688364099e-06,-9.105043528092725963e-06,-9.785780642057894968e-06,-1.067067199484728453e-05,-1.205176397533649637e-05,-1.426792236879762133e-05,-1.826058349013174174e-05,-2.728811190587136987e-05,-6.428611103851962060e-05,-3.665596799703618023e-06
9.711618725596417034e-01,9.597214963985970515e-01,9.481170071596087823e-01,9.367852798657890778e-01,9.263206254581861643e-01,9.175480243438265404e-01,9.116346093081970636e-01,9.103329531629218430e-01,9.167004141673582573e-01,1.727256681518132941e+00
3.946898528826610340e-09,3.947437601883177817e-09,3.948222068706297957e-09,3.949041601755444698e-09,3.950099848506056590e-09,3.951300515936637817e-09,3.952694749289370987e-09,3.954324249962477598e-09,3.956184650218474235e-09,3.960352266333553221e-09
-6.461962266775195298e-10,-7.013455229972643011e-10,-5.598092699674764043e-10,-8.061139782433156726e-10,-8.132048639019641664e-10,-8.989224722489955959e-10,-9.505616459499257994e-10,-1.030677907022547459e-09,-1.072852888995427530e-09,-2.674293244858356648e-09
-1.072660533435697442e-06,-1.110162098751575216e-06,-1.164206679599940933e-06,-1.225437144253137712e-06,-1.313031295869833894e-06,-1.433153805744767619e-06,-1.603495391300995158e-06,-1.858436445641172633e-06,-2.263293411433435995e-06,-5.460499128644253127e-06
3.934757403044284973e-09,3.934003795814063504e-09,3.936946629444694441e-09,3.936444600226851722e-09,3.937909135541098207e-09,3.939372253163681405e-09,3.940923301829034361e-09,3.942749594549897747e-09,3.944250420913620688e-09,4.023651661147110715e-09
1.703081409398265328e-02,1.683033145317798171e-02,1.662708959324931540e-02,1.642866004993377357e-02,1.624573964031306508e-02,1.609299960733687890e-02,1.599153317348143283e-02,1.597428664529594242e-02,1.611100714456844760e-02,1.532342431584637898e-01
5.791379493695316306e-08,5.772385281693162017e-08,5.763574007572839558e-08,5.764803190471305314e-08,5.793576853562494590e-08,5.798512534113697696e-08,5.770020138450858319e-08,5.812252128683498876e-08,5.843369648440575604e-08,4.497255905900212157e-08
3.041105652814297826e-06,3.141771003189293745e-06,3.286142722326207996e-06,3.445743406524186349e-06,3.671696109305385980e-06,3.975214590609487910e-06,4.393839207489761859e-06,4.996116933370260784e-06,5.895018611493664519e-06,1.559913725942491325e-05
8.673658200181225719e-06,9.128149347208571986e-06,9.810855107157724574e-06,1.069466285008071799e-05,1.207817045510512093e-05,1.429627237619642311e-05,1.828985881868311122e-05,2.733155162012669879e-05,6.446238233756828315e-05,8.114643437831838002e-02
2.948393624602176910e-01,2.913765294145908014e-01,2.878658804830388496e-01,2.844432765432252097e-01,2.812875634261906566e-01,2.786525290907832519e-01,2.768993028965822667e-01,2.765837015105215846e-01,2.787995559041365201e-01,7.267740546840474325e-01
2.506373162498122475e+00,2.476729805493174563e+00,2.446623673798708598e+00,2.417214818998604020e+00,2.390013824236866924e+00,2.367146687650619974e+00,2.351599340091715007e+00,2.347781612017212360e+00,2.362720872000956707e+00,2.375477887324203508e+00
8.673874437650748727e-06,9.128932852515165560e-06,9.810015491048311862e-06,1.069539469198029455e-05,1.207733691679094417e-05,1.429509876086846065e-05,1.829143361370730276e-05,2.733135958151371742e-05,6.445683508905066591e-05,7.637469755995905663e-02
1.012847143682406824e-02,1.000890783687378299e-02,9.887561421889994734e-03,9.768962122195379641e-03,9.659290671548905957e-03,9.567072411862675291e-03,9.504290045393262373e-03,9.488472141286554903e-03,9.545790408096117841e-03,4.313574031399720448e-05
8.866324330384299790e-01,8.761873158986333010e-01,8.655918666475772572e-01,8.552453027868803792e-01,8.456889791572944626e-01,8.376751376714739461e-01,8.322665074131831986e-01,8.310535507196844529e-01,8.367612596588235307e-01,1.297107476329657505e+00
3.948369349691758056e-09,3.948817538975814971e-09,3.949493033574739424e-09,3.950195624540565399e-09,3.951101479902081369e-09,3.952126569186366023e-09,3.953314308811743303e-09,3.954699610796817834e-09,3.956275248438343436e-09,3.960267402358086386e-09
3.947162990930928632e-09,3.947337692993431793e-09,3.948078130442111930e-09,3.948964466539217183e-09,3.949899045573957429e-09,3.951046412513484919e-09,3.952510848122403712e-09,3.954100893669203065e-09,3.956040741072833307e-09,3.960804995546208691e-09
-2.965157911142342186e+02,-2.965143410515800610e+02,-2.965124849582408615e+02,-2.965104496797517299e+02,-2.965086595760492969e+02,-2.965065855489654609e+02,-2.965036750180774447e+02,-2.965012186964879106e+02,-2.964968981526749872e+02,-2.966973501614806423e+02
6.456491469286253185e-10,7.007145075457902604e-10,5.593615519322511020e-10,8.055044833710056979e-10,8.126436218477482913e-10,8.984450053847237858e-10,9.501706721306316843e-10,1.030309633745628639e-09,1.072540283861316639e-09,2.676257962872805330e-09
-1.226866983342094414e-06,-1.266640575973337828e-06,-1.323678543096082455e-06,-1.386610708285303858e-06,-1.475644088656061696e-06,-1.595080716845195643e-06,-1.759498392642040111e-06,-1.995486113231891487e-06,-2.346386667958683869e-06,-5.460890863652492441e-06
2.965017149339240063e+02,2.965004304133732944e+02,2.964987418088246613e+02,2.964968703292799432e+02,2.964952308369751677e+02,2.964932821877075071e+02,2.964904540786595248e+02,2.964880089687121085e+02,2.964835635467906059e+02,2.965441051916374704e+02
1.287905490465038956e-08,1.258463840457311143e-08,1.224594576640386606e-08,1.260788533987220587e-08,1.264360151306784989e-08,1.280358649999751738e-08,1.254129266214334830e-08,1.262379672285245340e-08,1.118543722221818471e-08,1.222533814300955591e-08
6.909060835940461834e-05,6.543837936263293396e-05,6.121153975950488068e-05,5.602360007305792332e-05,5.059778234833244964e-05,4.502526809292040522e-05,3.953425998847308353e-05,3.430753504171994256e-05,2.944595341773018529e-05,2.957375368436677775e-05
8.609907108684224791e-03,8.508549630428272753e-03,8.405813975537431912e-03,8.305417930930260664e-03,8.212720929758920638e-03,8.134917441011805389e-03,8.082159332351417438e-03,8.069280796450637935e-03,8.118143148120289879e-03,4.331268505653470771e-05
4.697461104781681159e-05,4.399208072081847238e-05,4.046318772485655603e-05,3.610464035959367126e-05,3.135249753838251696e-05,2.623403807721023850e-05,2.096805188436011308e-05,1.602036498796832140e-05,1.195519174520006529e-05,9.743397737329362315e-06
3.572411600743449073e-02,3.530243480188887534e-02,3.487451355323164387e-02,3.445632060572995092e-02,3.406972813942799050e-02,3.374491875791083700e-02,3.352445075947903252e-02,3.347157688333494280e-02,3.369109725997578020e-02,2.065399701775821051e-01
1.022790985168012955e-05,1.095211604345618018e-05,1.206758196066652438e-05,1.363134667380836382e-05,1.619690978945183927e-05,2.058762472337853907e-05,2.890049110035756904e-05,4.781295787264618020e-05,1.232172259322425153e-04,1.462764379019756145e-01
1.829076321370126954e-08,1.514988641899403905e-08,1.511636421414600091e-08,1.512411859129458751e-08,1.510160545950300090e-08,1.505992387089895664e-08,1.499886742400050809e-08,1.501688056666744007e-08,1.496623743441646343e-08,1.425942277624618483e-08
6.717883928228844077e-09,5.142117302546355564e-09,5.129577261241464280e-09,5.124976672172446023e-09,5.127336146056575053e-09,5.113298210441342010e-09,5.110154788016496800e-09,5.109038812005957076e-09,5.120117540411253622e-09,4.868162058870027799e-09
3.957360965779224123e-09,3.957557720725490241e-09,3.957834379880208780e-09,3.958099367908901160e-09,3.958457632367439290e-09,3.958878477516150880e-09,3.959372856783563267e-09,3.959952991717781619e-09,3.960612638851694442e-09,3.960925060286471472e-09
-1.261356351453325697e+00,-1.261658792931561024e+00,-1.261400874921454696e+00,-1.261866271941985751e+00,-1.261922527864304255e+00,-1.261930232215285663e+00,-1.261985941631120545e+00,-1.261978452820383456e+00,-1.262300535779411259e+00,-1.354586593014848406e+00
-8.635271857997018784e-06,-8.866645732598471373e-06,-9.195137229606527797e-06,-9.532911659575909425e-06,-9.999862518943998261e-06,-1.059518152977997846e-05,-1.136245715666435850e-05,-1.237112489891779442e-05,-1.368649827235148547e-05,-1.255493370517288328e-05
5.001852435379514766e-03,4.942782885646237502e-03,4.882826291718720194e-03,4.824218747162199207e-03,4.770005601799042795e-03,4.724389060167260776e-03,4.693261747080050388e-03,4.685234207524033474e-03,4.713047712601744696e-03,2.082707335498600452e-05
3.050794627468439196e-04,3.016978701139550302e-04,2.983016249450369116e-04,2.950281290050024490e-04,2.920855558826697894e-04,2.897378630734698778e-04,2.883747624118170429e-04,2.885504801764310540e-04,2.910772930570063336e-04,4.854625498458001246e-05
1.301669724817594780e-05,1.369927061471891560e-05,1.472087240114407702e-05,1.604890989216129675e-05,1.812176978545497851e-05,2.144831412094300738e-05,2.744259923579858471e-05,4.100180673799737151e-05,9.668445087325803827e-05,1.097109631447991257e-01
4.547340837045438797e-04,4.493702602140359627e-04,4.438976702827988376e-04,4.385900234279356308e-04,4.336572665646067581e-04,4.295023308232347008e-04,4.266604672537184484e-04,4.259095619023384920e-04,4.284068064359446517e-04,1.683600223123770760e-07
1.878405573310473447e-05,1.977893877849967608e-05,2.126911037281713028e-05,2.320929630774200861e-05,2.624294268592913804e-05,3.112486442887620568e-05,3.995843368493264420e-05,6.005699537052329803e-05,1.416008951042738227e-04,1.261177214270914615e-01
4.737824706468494831e-09,4.705061521314012006e-09,4.661392672491464978e-09,4.614448516114665193e-09,4.554786666682349374e-09,4.483719365329300049e-09,4.399842232864741720e-09,4.301414346222249266e-09,4.188112026627477597e-09,4.027196665192749463e-09
2.104318090577881114e-08,-2.357476654132533607e-12,-2.290824258155463007e-12,-2.195613760762832182e-12,-1.933407044631754387e-12,-1.860650952160688955e-12,-1.602561274547159124e-12,-2.238143357448743342e-10,-8.306064059794893996e-13,-2.117799712271399516e-10
3.780969047487429495e-07,4.094934930279512546e-07,3.195995192708103352e-07,4.141171626203685522e-07,4.069376220096678945e-07,3.927207559565022392e-07,3.784679320731478490e-07,3.660939363723652146e-07,4.304628614644447946e-07,1.800234066887572712e-08
-1.232357841135650456e-08,-1.257120232886446963e-08,-1.238858335145142039e-08,-1.247102565818828441e-08,-1.249799393487782421e-08,-1.251592774859366425e-08,-1.265730900000915823e-08,-1.257605515813815173e-08,-1.293157025382400378e-08,-8.856553392158355332e-09
3.995546204136284010e-07,4.310477723624984995e-07,3.409826128063811615e-07,4.357489160309761598e-07,4.288917646268626848e-07,4.150026801359421485e-07,3.997345424695468433e-07,3.876623126171904918e-07,4.522891658310613178e-07,3.470358844744072595e-08
5.570991603857856582e-08,5.546504612217780790e-08,5.541331559710322273e-08,5.543513930294613890e-08,5.571445185355540532e-08,5.576166217909019246e-08,5.545012285789228293e-08,5.589464082413288506e-08,5.612210496399327289e-08,4.305459789064385267e-08
5.786735367457658390e-09,5.833756698325931721e-09,5.803862264040816161e-09,5.794313973561347675e-09,5.800831452995257562e-09,5.802586338046414201e-09,5.828228650564452569e-09,5.809153449000105944e-09,5.882153023676602560e-09,5.561674569892784753e-09
1.327054688522883894e-07,1.330915274905256104e-07,1.335132200021223633e-07,1.339294980605721608e-07,1.346703986434717547e-07,1.353269099905661135e-07,1.361589985458392953e-07,1.372822651532827943e-07,1.384337471007926751e-07,1.401536481555812838e-07
9.849344385952194465e-08,9.883382399513450405e-08,9.910347010928683289e-08,9.928640855191129362e-08,9.965015782050592282e-08,1.000363369506690276e-07,1.004931198884236161e-07,1.011437031209157700e-07,1.016238733708215215e-07,1.023233030136512691e-07
5.929563125735300738e-06,6.241817226501344104e-06,6.709278490953914083e-06,7.317259232617255505e-06,8.266750762971815402e-06,9.791841667731539638e-06,1.254359995662588187e-05,1.877962735254374164e-05,4.429342327658597261e-05,4.799093313025344643e-02
-3.400373526230071810e-07,-3.563576373491638691e-07,-3.804773909775399041e-07,-4.106509588068562378e-07,-4.563623042090885327e-07,-5.259444908940938250e-07,-6.409222650773196640e-07,-8.608801559828587003e-07,-1.419917931899254313e-06,-1.929283850630813692e-05
-2.104534687716099793e-08,2.150647782617156039e-13,2.164999358625834068e-13,2.099135491702185352e-13,8.209174846147410760e-14,1.921419783872045493e-13,1.832019538686771069e-13,2.227259354306355021e-10,1.544193049250582696e-13,2.125555498567774677e-10
-1.575738425179717295e+00,-1.557137191899236051e+00,-1.538256032272259821e+00,-1.519804211714653963e+00,-1.502735315424235996e+00,-1.488373663422674520e+00,-1.478572433031552835e+00,-1.476034207022390410e+00,-1.484734855555139177e+00,-9.269013732465943012e-02
-2.273670475613430951e-04,-2.246851352335912737e-04,-2.219488420407520358e-04,-2.192950166091614137e-04,-2.168286380109262271e-04,-2.147511700531910697e-04,-2.133302383894919766e-04,-2.129547854214777010e-04,-2.142034068416348667e-04,-6.770016084801366792e-08
7.692534492816140101e+00,7.692565295978369022e+00,7.692898736642994173e+00,7.693274134441375089e+00,7.693806473138075752e+00,7.694655950043936876e+00,7.696121047872376053e+00,7.697915978914795510e+00,7.701712048526931476e+00,8.030813399645015949e+00
1.142969513947448765e-02,1.129472520478637734e-02,1.115772497617593083e-02,1.102382450984455524e-02,1.089996388620946902e-02,1.079575156061116786e-02,1.072464762031248228e-02,1.070629677085435834e-02,1.076958040913736023e-02,3.565047625814468966e-05
1.237824793618678078e-07,1.195472717607600827e-07,1.170031829094077428e-07,1.184581085960594233e-07,1.175488694623738492e-07,1.167618055917609778e-07,1.198515966789568319e-07,1.201965989959275206e-07,1.135676050210449552e-07,1.032984453355132469e-07
4.321119071316809224e-06,4.548539376913545631e-06,4.888908129965155137e-06,5.331354433645471807e-06,6.021900957701100898e-06,7.129980662082166295e-06,9.126311842232004599e-06,1.364007680002719037e-05,3.213907729120522020e-05,1.828892651826086347e-06
2.778348101130607915e-08,2.822697408503294627e-08,2.624420359988287652e-08,2.858727557831093887e-08,2.757929042192181644e-08,2.690041150106286073e-08,2.847094536853322540e-08,2.873527604595062834e-08,2.906557049025748733e-08,2.784282177571810585e-08
-3.421779534298690720e-08,-3.710512455931925457e-08,-3.607988686962910576e-08,-3.647760741872193753e-08,-3.578620218544351569e-08,-3.718576268673246143e-08,-3.559469691546529276e-08,-3.432612715412683960e-08,-3.492086439198837389e-08,-3.995819873192419699e-08
-5.038061360533352381e-08,-5.028894936347644384e-08,-5.033746846226103746e-08,-4.988984393548287217e-08,-4.955528534852020715e-08,-4.993207772245148838e-08,-5.003939103108121011e-08,-5.000258700500491769e-08,-4.961119354338176564e-08,-5.368039618586116606e-08
-5.816172867074909309e-08,-5.928827741572203032e-08,-5.736742959234857081e-08,-5.878264012934223089e-08,-5.715168735923142160e-08,-5.836380457051725104e-08,-5.960356372591153570e-08,-5.825281652888278619e-08,-5.791338655293838424e-08,-6.430557848789317268e-08
-5.381575753351785877e-08,-5.385175534168110943e-08,-5.258129425288294427e-08,-5.321619315327785478e-08,-5.331851088894928437e-08,-5.230465376415221869e-08,-5.294601913795658620e-08,-5.174813547764553964e-08,-5.307058798619214560e-08,-5.959174367170439576e-08
-3.963320609416927942e-08,-4.059010739928495132e-08,-3.775406493960392306e-08,-3.966748929506443752e-08,-4.013487396721297714e-08,-4.077422883663514625e-08,-4.081930546659296055e-08,-4.107551345512086467e-08,-3.915876622605809020e-08,-4.576780167443685792e-08
3.571900458330190373e-09,4.433258258605488626e-09,3.792814406727608827e-09,4.455641193339306066e-09,4.234281006369398551e-09,4.104689897413670703e-09,4.044885728071649550e-09,4.073304191330585195e-09,4.204053799320274822e-09,5.064221741442348640e-09
2.957445127758431130e-02,2.922508414621369927e-02,2.887043693932396168e-02,2.852373625642377203e-02,2.820294375294144645e-02,2.793286621030757755e-02,2.774823122916384929e-02,2.769962493107789442e-02,2.786105311090115305e-02,2.151158986595422241e-05
1.203082779609730400e-08,1.202077721262143846e-08,1.201077141955595166e-08,1.198771439653602517e-08,1.197435088986864677e-08,1.198315642160988412e-08,1.199889929199733175e-08,1.201531893947288459e-08,1.204161552244595728e-08,1.125117126679069950e-08
1.233179038649467528e-08,1.230564878099512841e-08,1.227570427720037801e-08,1.223090000909312536e-08,1.218940070527640266e-08,1.216492689155805599e-08,1.214146540764367043e-08,1.211072296972166854e-08,1.208217267947238058e-08,1.126981935258219200e-08
2.957445124162209546e-02,2.922508413965479654e-02,2.887043689482146278e-02,2.852373626114228927e-02,2.820294376496703531e-02,2.793286625409174481e-02,2.774823118325376800e-02,2.769962493879860391e-02,2.786105308534317718e-02,2.151158751770001549e-05
2.811749063123323445e-09,2.811973989881494745e-09,2.812297671758549648e-09,2.812632384962818449e-09,2.813061975553069100e-09,2.813556195116364934e-09,2.814130744867128314e-09,2.814799254337413781e-09,2.815549276729901880e-09,2.817788993550861268e-09
5.440601041725962039e-01,5.376353212563298456e-01,5.311231455668810053e-01,5.247482953367289538e-01,5.188616480834090661e-01,5.139180016992743738e-01,5.105667137789708931e-01,5.097744602923744983e-01,5.131487626088417908e-01,1.238638912766016453e+00
-8.067687858613033930e-14,-7.985889754075660565e-14,-7.716225124655616743e-14,-7.341950680604941922e-14,-6.776178122791186880e-14,-5.992409811198160041e-14,-4.905326528552252697e-14,-3.439521984142092116e-14,-1.598265703236171525e-14,4.137437154474967783e-14
-6.458914087901634695e-10,-7.010506219943276435e-10,-5.595333317566906809e-10,-8.058396468502023886e-10,-8.129465864816130918e-10,-8.986839522409611752e-10,-9.503439481203212548e-10,-1.030484605048508438e-09,-1.072697593672955349e-09,-2.675473959704200964e-09
2.897635568464680437e-06,3.050937975729909560e-06,3.280439677455133042e-06,3.579043355077680326e-06,4.045660105056185907e-06,4.795942555562477735e-06,6.152487295509714926e-06,9.242897620680489643e-06,2.225807232652497002e-05,8.793721244237458212e-02
3.577960702564320505e-08,1.673121843088173181e-09,4.163103485665893567e-10,2.193555543608150672e-09,1.630766049929661241e-09,1.258333107574830661e-09,1.862027204361210484e-09,1.465870478577350359e-09,1.131198089314381788e-09,3.769316083076882624e-09
4.395794300119195798e-09,4.387345499113684209e-09,4.371019861225499784e-09,4.361000819768378746e-09,4.344806637090379722e-09,4.326376676006202225e-09,4.305753194748624578e-09,4.282834225757539334e-09,4.259481772134153778e-09,1.486077430565702026e-09
5.041698620885506075e-09,4.989509130528635952e-09,5.121784377902134866e-09,4.957596549173190853e-09,4.950757589450773363e-09,4.950334973073096970e-09,4.948781640152658055e-09,4.943183806772351693e-09,4.827125289208652402e-09,8.785999454707205990e-09
1.606902330416777399e-05,1.691290857747238305e-05,1.817590177935027746e-05,1.981781299663459321e-05,2.238059018686392135e-05,2.649337843855906316e-05,3.390456232489071179e-05,5.066901971673768150e-05,1.195178166185181692e-04,1.383533486684791480e-01
2.506501452496066040e+00,2.476962239079782080e+00,2.447008633901952557e+00,2.417712717026935909e+00,2.390633691188632781e+00,2.367868504717037581e+00,2.352375114885478347e+00,2.348517432616572975e+00,2.363200877087167306e+00,2.375107252547518311e+00
2.274812513234063919e-08,2.275423621159341835e-08,2.275552408546137520e-08,2.275901572696737727e-08,2.276261142822385111e-08,2.276764768482647776e-08,2.277394990967306817e-08,2.278178558977628215e-08,2.279134279908743332e-08,2.279938266079337847e-08
2.385731815591218095e-05,2.524364234601311641e-05,2.731443331393822429e-05,3.002976290321456344e-05,3.424873746835019599e-05,4.099728484035670560e-05,5.310369129557377310e-05,8.036096799489903647e-05,1.918989736590764037e-04,2.353776769108012479e-01
2.819503543278934689e-08,2.813006677256121062e-08,2.773823391166477865e-08,2.757965354786831325e-08,2.728139245101785710e-08,2.715268395611578238e-08,2.703790425584892171e-08,2.688055880498004347e-08,2.686086633673049206e-08,1.867626286078272266e-08
2.957445121956129783e-02,2.922508404240042879e-02,2.887043697785606627e-02,2.852373614969687735e-02,2.820294379274539132e-02,2.793286640403631893e-02,2.774823143160569730e-02,2.769962480320931064e-02,2.786105298380136402e-02,2.151144761866312106e-05
6.851428776140082444e-03,6.770511261719278084e-03,6.688378044188650166e-03,6.608091759023377101e-03,6.533822180689642829e-03,6.471323947297027458e-03,6.428661745587102919e-03,6.417605864394413523e-03,6.455474548562550527e-03,3.310816758614560583e-05
6.851428775586125390e-03,6.770511261171247713e-03,6.688378043657195078e-03,6.608091758513552280e-03,6.533822180212514076e-03,6.471323946864206145e-03,6.428661745214420999e-03,6.417605864101403115e-03,6.455474548368663086e-03,3.310816760456521818e-05
3.931368529508925316e-09,3.932697364364875447e-09,3.934486881003197083e-09,3.936349627738148818e-09,3.938767689004236137e-09,3.941619303459008828e-09,3.944973166117756146e-09,3.948904200955723215e-09,3.953393070425326304e-09,3.961466416887004351e-09
3.930114632411999869e-09,3.931192909636812171e-09,3.933051323765896765e-09,3.935099578470046716e-09,3.937551098140382440e-09,3.940528843739616590e-09,3.944163172320005058e-09,3.948302174191985136e-09,3.953157509624731625e-09,3.962002052124304038e-09
-3.929350612902748730e-09,-3.930436992109289011e-09,-3.932318675990559035e-09,-3.934397395841669567e-09,-3.936895075242632757e-09,-3.939935579242257582e-09,-3.943655375511211041e-09,-3.947907885043382993e-09,-3.952904631479975438e-09,-3.962183598269361112e-09
-4.812573685163358173e-07,-5.027861660125506789e-07,-5.344100358225618480e-07,-5.731795877156649518e-07,-6.310979618933430923e-07,-7.171054124138158556e-07,-8.538850913803331576e-07,-1.098660198493909355e-06,-1.636060788685385974e-06,-3.132405332203247223e-05
3.502604314526501482e-08,3.533407882343752995e-08,3.433549083738941769e-08,3.460842084196987016e-08,3.418526502389483897e-08,3.396569938987397391e-08,3.375133612435410823e-08,3.347377548950322236e-08,3.360748938008555225e-08,2.177077008632463126e-08
6.500214090843679448e-08,6.487408402817254354e-08,6.475988372357338669e-08,6.446926736577767424e-08,6.429011775789730402e-08,6.436488207262783727e-08,6.450775811732238127e-08,6.465581563890667918e-08,6.495762646136999052e-08,5.460309375139645814e-08
-1.364201822557674967e-03,-1.348115333843446150e-03,-1.331694048255952206e-03,-1.315769243997815495e-03,-1.300972104290380651e-03,-1.288503783444507056e-03,-1.279977876197159166e-03,-1.277729402390676786e-03,-1.285225202819080840e-03,-5.057584643999225667e-07
-1.364201994273711973e-03,-1.348110954998515618e-03,-1.331691631220043330e-03,-1.315769930407507384e-03,-1.300971870523451226e-03,-1.288506645374012938e-03,-1.279981481286421438e-03,-1.277731497111379236e-03,-1.285221088010942087e-03,-5.143003537976644818e-07
-6.570397011157025597e-09,-7.242655575746956217e-09,-7.675233911460108633e-09,-7.105865935815492319e-09,-7.261645006622519758e-09,-7.046265394828113697e-09,-7.006839088839427189e-09,-5.918531496647873206e-09,-6.773683363149464330e-09,-5.435477210037074349e-09
-2.166024599159931655e-09,-3.692326552545127980e-09,-3.387828617349881575e-09,-1.996424636681712042e-09,-3.270092076086212703e-09,-2.891433433453398397e-09,-1.651631449830800681e-09,-4.660469461550898932e-10,-3.034324793784134539e-09,-1.159969408969667071e-09
1.611413107796632693e-05,1.695805114764237139e-05,1.822118691463568964e-05,1.986314809915379632e-05,2.242598599863122199e-05,2.653886871086346319e-05,3.395008105971461672e-05,5.071466080289898813e-05,1.195636708358121321e-04,1.383533945463238657e-01
8.582657776110123540e-08,8.610380845295346883e-08,8.638220782596808026e-08,8.667050784257847445e-08,8.725701940456128034e-08,8.770484908650854531e-08,8.829936412093842352e-08,8.908216524586802153e-08,8.992625387895262810e-08,9.108614231193895241e-08
5.989914227301878778e-09,6.004873331552974848e-09,6.000579935521944135e-09,5.994270864720622900e-09,5.985176504778819605e-09,5.987894028214513330e-09,5.989602235950096555e-09,5.976964942395104038e-09,5.970700849261467435e-09,5.975065513397994865e-09
5.929171964662184892e-09,5.947126353130179642e-09,5.946839167888532911e-09,5.944981723422050423e-09,5.941511172582730563e-09,5.950994606047363355e-09,5.960756933432468850e-09,5.957657166536256343e-09,5.962510572583056932e-09,5.975059015083623099e-09
1.083900673467803589e-08,1.089921105843060409e-08,1.089071013725091582e-08,1.087631639768019929e-08,1.084838220290881040e-08,1.087213148804844807e-08,1.089422644807159387e-08,1.086339689938216741e-08,1.085892775759870523e-08,1.088988332526107791e-08
1.083900054450718125e-08,1.089920478611006384e-08,1.089070377266355640e-08,1.087630997583264832e-08,1.084837568701490344e-08,1.087212491418198658e-08,1.089421981946314331e-08,1.086339025924260239e-08,1.085892111394467809e-08,1.088987316266763779e-08
1.022966888074575420e-01,1.010897635565859431e-01,9.986498955234095198e-02,9.866791447687964234e-02,9.756055573124758351e-02,9.662830880185671600e-02,9.599040011104272019e-02,9.581871928782817460e-02,9.634679427405598573e-02,7.691034402399605195e-05
8.673217750339387932e-06,9.128213963617681889e-06,9.809163819927591048e-06,1.069435438712523580e-05,1.207601794873236033e-05,1.429322773447745365e-05,1.828834707157950273e-05,2.732444772017625226e-05,6.441869652674797316e-05,7.683735029595031038e-05
6.261090905246877170e-02,6.187279954726013220e-02,6.112393304614767431e-02,6.039208165229190822e-02,5.971526588812894193e-02,5.914572531414176437e-02,5.875652144071395050e-02,5.865329338149832816e-02,5.898230124782695427e-02,5.352870985191941181e-05
3.969445333600801068e-02,3.922609253978100174e-02,3.875086458102983827e-02,3.828652679585359958e-02,3.785736649812490584e-02,3.749687576240350040e-02,3.725216606413784409e-02,3.719275142330942530e-02,3.742891210141498920e-02,1.002188296734132729e-04
6.851428779794862048e-03,6.770511260317119313e-03,6.688378043222924403e-03,6.608091756428753800e-03,6.533822179891683908e-03,6.471323946434741521e-03,6.428661744924463704e-03,6.417605864221192710e-03,6.455474548127821885e-03,3.310816721458413419e-05
-4.456823770518580019e-07,-4.664384520724986974e-07,-4.970415137702335205e-07,-5.350408172006353221e-07,-5.922988170796819510e-07,-6.786347964758564025e-07,-8.191986043082567251e-07,-1.081129684688236940e-06,-1.708360577948935942e-06,-7.914661980887933147e-06
6.303724568663218820e-06,6.634612286626062238e-06,7.129857623733279209e-06,7.773707062906074739e-06,8.778686916551542842e-06,1.039157343786465616e-05,1.329807919441607393e-05,1.987269328724216864e-05,4.685641174205212178e-05,5.570314456487462235e-02
1.735654704320226580e-05,1.826682784534307573e-05,1.962867509883913170e-05,2.139959305853967865e-05,2.416336935622040558e-05,2.859873170794995361e-05,3.659105691786476526e-05,5.467014488001405609e-05,1.289136226402036141e-04,1.462812971995004485e-01
3.423300360785335589e-02,3.382894640507157907e-02,3.341923223563980638e-02,3.301844171427343461e-02,3.264820378358054137e-02,3.233722336809623232e-02,3.212626341138270780e-02,3.207583258587276553e-02,3.228474991969419727e-02,3.207151941368720325e-05
4.503820860020241873e-02,4.450637292131149475e-02,4.396628747566737327e-02,4.343866080118129885e-02,4.295033368948192321e-02,4.253924527299250691e-02,4.225824326571538808e-02,4.218411351581721758e-02,4.242721540702326655e-02,3.207205018586546013e-05
2.601607625597629828e-02,2.570861247871939967e-02,2.539638897652369415e-02,2.509111831537220311e-02,2.480842095165039160e-02,2.456999437307200856e-02,2.440597344211144909e-02,2.435938575212536622e-02,2.448504555417231957e-02,3.205602841420332873e-05
-1.462931033203583111e-08,-1.388121301025113726e-08,-1.358258248925774869e-08,-1.393814785692880275e-08,-1.405519413790366043e-08,-1.390889870831937875e-08,-1.402797964656526245e-08,-1.412531357122617478e-08,-1.442660901867379441e-08,-1.554958820499852476e-08
1.614002269092366401e-06,1.667626673037216523e-06,1.744770020620771487e-06,1.830739912463750796e-06,1.952855957839332336e-06,2.118003188832585964e-06,2.347817456216349154e-06,2.682758298942472480e-06,3.192360364322685172e-06,8.447067138870852356e-06
2.245738343278812209e-09,2.249397399934443978e-09,2.254191524102467799e-09,2.259527894671966002e-09,2.266288571410772745e-09,2.274365817430088665e-09,2.283990976745769635e-09,2.295367683534410936e-09,2.308615659636682358e-09,2.318743346330880779e-09
6.851428778478510506e-03,6.770511259106862592e-03,6.688378041998971173e-03,6.608091755289599925e-03,6.533822178786065707e-03,6.471323945552854943e-03,6.428661744099097020e-03,6.417605863576471455e-03,6.455474547749905437e-03,3.310816791553840277e-05
6.851428779097030498e-03,6.770511259718836605e-03,6.688378042592196294e-03,6.608091755858825148e-03,6.533822179318691734e-03,6.471323946035854868e-03,6.428661744514690794e-03,6.417605863902804166e-03,6.455474547965227121e-03,3.310816777822467874e-05
2.936159078378864848e-03,2.901578195289354709e-03,2.866244956998809622e-03,2.832077251347606042e-03,2.800294813696800958e-03,2.773552227710431983e-03,2.755321576664394867e-03,2.750653233691289015e-03,2.767139495708378916e-03,1.681403824529136579e-05
-1.991645572190911886e-02,-1.968129667524875365e-02,-1.944261101744878747e-02,-1.920926144736479629e-02,-1.899338347960222856e-02,-1.881166561756794989e-02,-1.868748563263951043e-02,-1.865489225250736849e-02,-1.876367194237361577e-02,-2.601654522692697105e-05
-3.955769920221525518e-09,-3.958317742259823829e-09,-3.955877230618993375e-09,-3.955975196659567935e-09,-3.956448478415224695e-09,-3.957152152067322866e-09,-3.957374962628227971e-09,-3.958065491722448252e-09,-3.958652593863390408e-09,-3.962397493593450086e-09
3.955573359314962410e-09,3.955794311532862884e-09,3.956100483974927187e-09,3.956397922979138069e-09,3.956795613287439415e-09,3.957246766075983431e-09,3.957768132039686580e-09,3.958373968162187026e-09,3.959060645555718603e-09,3.961339161677245459e-09
3.955808812608462037e-09,3.955668989861465134e-09,3.955935131545341621e-09,3.956300215973092277e-09,3.956578495596975437e-09,3.956976619895395522e-09,3.957567510839971188e-09,3.958134094084066632e-09,3.958905759042294075e-09,3.961754977351914599e-09
-4.312973995219328005e-06,-4.402119141078061328e-06,-4.527428037825579306e-06,-4.641512997562589095e-06,-4.795393102452680279e-06,-4.977782119860414426e-06,-5.192485327097715071e-06,-5.444372097299630093e-06,-5.721304280616103847e-06,-2.086963490468211863e-05
-1.697986196859672253e-02,-1.677937522033346937e-02,-1.657589535331895417e-02,-1.637700963288872200e-02,-1.619306866026701611e-02,-1.603835204765763703e-02,-1.593290745491095922e-02,-1.590603353851111762e-02,-1.600122011056220178e-02,-7.619914498150270801e-05
5.002244166108732980e-03,4.943193208470810299e-03,4.883264031395455687e-03,4.824690557800077363e-03,4.770528777391157965e-03,4.724989765170695653e-03,4.693988891587628012e-03,4.686197696439879309e-03,4.714581181026852169e-03,3.083716547218116704e-05
1.195223019316469791e-09,2.053675513342963531e-09,1.993779834008109844e-09,2.899307474199950510e-09,1.389600021075011291e-09,2.896586955839793053e-09,9.012606461989856078e-10,1.620835619359062296e-09,2.698311435769871724e-09,1.986895670326563647e-09
2.313489176266478644e-09,2.313776057714603853e-09,2.314106151406795991e-09,2.314487066547060589e-09,2.314964317309916674e-09,2.315495029649540226e-09,2.316138639256818304e-09,2.316885457773232985e-09,2.317741198735344108e-09,2.318738844813944252e-09
2.312161412863377827e-05,2.433413308433394933e-05,2.614900171750567787e-05,2.850892291136959320e-05,3.219274953950454569e-05,3.810557796822218647e-05,4.876181900056459479e-05,7.286449833068263967e-05,1.715982108342028177e-04,1.982498783098132489e-01
4.017660575698336207e-09,4.017566073066855130e-09,4.017347252417173476e-09,4.017710837539305382e-09,4.018156497875604382e-09,4.018963215078940221e-09,4.020216919918268693e-09,4.022058121666298647e-09,4.024761502445971964e-09,3.897665650122105613e-09
4.574992182183357216e-09,4.550018881302352804e-09,4.516684544081436238e-09,4.481134640126436835e-09,4.435930848509687991e-09,4.382184816612866437e-09,4.318874512732765717e-09,4.244721833901710327e-09,4.159563622273132909e-09,4.045712186600683609e-09
-5.120023892032817889e-09,-5.147056599515266743e-09,-4.941310851245513179e-09,-5.174052840713344193e-09,-5.156516797016232256e-09,-5.141231495676290233e-09,-5.125518340144563405e-09,-5.094415891375973140e-09,-5.234034456073490248e-09,4.746143487597230931e-09
-5.120018368104047694e-09,-5.147057429219685927e-09,-4.941310599764538029e-09,-5.174052238615197069e-09,-5.156516268524519503e-09,-5.141231252955186722e-09,-5.125518431746388102e-09,-5.094400074240757105e-09,-5.234023618630752714e-09,4.746142171733039605e-09
7.234607959360839725e-09,7.230540463634676399e-09,7.354196052707274961e-09,7.201768337353867922e-09,7.207818696066741332e-09,7.217708274030587083e-09,7.224156069583533245e-09,7.243782597404290263e-09,7.136923079663135938e-09,9.191377187004956691e-09
7.234636448466678310e-09,7.230536771409274659e-09,7.354197467024458248e-09,7.201771536479446390e-09,7.207822541616699461e-09,7.217709225948844869e-09,7.224155550867339227e-09,7.243795763506713383e-09,7.136987318727669075e-09,9.191376135315338212e-09
3.293204192201513255e-08,3.311534480087949131e-08,3.258645948479882644e-08,3.311484032986236107e-08,3.307337039579976879e-08,3.302695486713135869e-08,3.295715690091600720e-08,3.289391526539659090e-08,3.316816519472512482e-08,1.466390341074606262e-08
3.293212006988502098e-08,3.311533573466175804e-08,3.258646410773265192e-08,3.311485031739151803e-08,3.307338295622568214e-08,3.302695876457036078e-08,3.295715570607860646e-08,3.289362829539316207e-08,3.316833647008661392e-08,1.466390282186095614e-08
4.547340824755424955e-04,4.493702590723054266e-04,4.438976689130943575e-04,4.385900223414361965e-04,4.336572655203008945e-04,4.295023298153180231e-04,4.266604662596551641e-04,4.259095609878047438e-04,4.284068056836836053e-04,1.713812176936278268e-07
3.062914899102627334e-02,3.026733439831487751e-02,2.990005134073200552e-02,2.954098911527556701e-02,2.920875206926485876e-02,2.892902531325039495e-02,2.873775944314906419e-02,2.868732184222830273e-02,2.885430755852548892e-02,1.838590433065489353e-05
-3.062914936527161985e-02,-3.026733390076657287e-02,-2.990005040253679650e-02,-2.954098801026849505e-02,-2.920875165827813841e-02,-2.892902395699397528e-02,-2.873775875023642720e-02,-2.868732194125239721e-02,-2.885430686215231105e-02,-1.838571656829927957e-05
-3.062914936479645134e-02,-3.026733389874227548e-02,-2.990005040232875805e-02,-2.954098801164033866e-02,-2.920875165913226768e-02,-2.892902395602314075e-02,-2.873775875156497905e-02,-2.868732194120832482e-02,-2.885430686071984580e-02,-1.838571977023730256e-05
3.062047510260662228e-02,3.025820453142403360e-02,2.989023987926968384e-02,2.953029200673923035e-02,2.919667353597587417e-02,2.891472774651436886e-02,2.871946549075256663e-02,2.865998650923372998e-02,2.878982778791697172e-02,7.376050660660709993e-06
8.674261730566187303e-06,9.129366830468252047e-06,9.810522587493194474e-06,1.069600444593529091e-05,1.207812269674246566e-05,1.429620908546830953e-05,1.829326050506181988e-05,2.733543162247597215e-05,6.447907248256057973e-05,1.100967310038592521e-05
-1.368242952684593773e-10,-3.882052259893691458e-10,-4.457237058182401339e-10,-8.365471181435592370e-10,-2.775025475530470912e-10,-3.765415753108280148e-10,-3.917055784655852805e-10,-6.512671909872244063e-11,-3.330310130825825805e-10,-2.781912300182302822e-10
5.798091034733347110e-02,5.729625860184620056e-02,5.660132925744779109e-02,5.592194222210813970e-02,5.529342464465825807e-02,5.476438457187756542e-02,5.440292593204898441e-02,5.430826147661997616e-02,5.462551368276836322e-02,4.514944637723354739e-05
1.991646004991034363e-02,1.968130054500173004e-02,1.944261505260642953e-02,1.920926499730432266e-02,1.899338758440467095e-02,1.881166946604990314e-02,1.868748961548589299e-02,1.865489609470201079e-02,1.876367551508384759e-02,2.602085624579362642e-05
8.316168528466193839e-09,7.943798357348104393e-09,7.741386564760352731e-09,7.952143072171735019e-09,7.945587658920438703e-09,7.930890542053832413e-09,8.002360019946257815e-09,8.015731465848375255e-09,8.305335472648826365e-09,8.081611218529720198e-09
8.946782913588537761e-07,9.620382259440369841e-07,7.936075314631809232e-07,9.960002716947748595e-07,9.985784863337603621e-07,9.885997556294750853e-07,9.799937258868474551e-07,9.775428345416071740e-07,1.170940710824663823e-06,6.085185283686405238e-08
3.713524099242992963e-08,3.747738342291442347e-08,3.638288437028616874e-08,3.668265815320834346e-08,3.621810128427429202e-08,3.597774700541757811e-08,3.574318784767368919e-08,3.543888957271812271e-08,3.558263712591155530e-08,2.218979490100738817e-08
-5.322663106758305546e-09,-5.322404920302986478e-09,-5.322117594816526336e-09,-5.321824282333431191e-09,-5.321431166934901201e-09,-5.320985691518122797e-09,-5.320464899087232622e-09,-5.319849595761096267e-09,-5.319133535520480388e-09,-5.318630221553569695e-09
5.384544008950075339e-09,5.386614502226690862e-09,5.372844456018115737e-09,5.373372716493366051e-09,5.364897989321530221e-09,5.360896314240420506e-09,5.356548874134285312e-09,5.349766478387416627e-09,5.363808306337691781e-09,5.194533170864459273e-09
-3.062913523846984981e-02,-3.026731977024610387e-02,-2.990003626941139039e-02,-2.954097387642331402e-02,-2.920873751664830945e-02,-2.892900980764210456e-02,-2.873774459570016190e-02,-2.868730777954905248e-02,-2.885429269428386664e-02,-1.837145649314956297e-05
-9.913827540037591306e-09,-9.914913890076248474e-09,-9.917654824620086967e-09,-9.920333315003779998e-09,-9.923634265984737696e-09,-9.927080534487025199e-09,-9.930910279834260708e-09,-9.935110342453443233e-09,-9.939758620878810400e-09,-9.986713286691482808e-09
3.949347486985532578e-09,3.949691387736788374e-09,3.950170488146384748e-09,3.950615170491830366e-09,3.951205397576948340e-09,3.951864085178648202e-09,3.952609801328381340e-09,3.953456719649308904e-09,3.954379406333681793e-09,3.961888266410183175e-09
5.700080401759680084e-09,5.700221723702724084e-09,5.701173843671445506e-09,5.702181318400857979e-09,5.703291953843787808e-09,5.704499504050877730e-09,5.705935031885208550e-09,5.707440264387271475e-09,5.709214948098445673e-09,5.725410187863615196e-09
-1.430520808412240976e-06,-1.460221634067447679e-06,-1.501943942208720479e-06,-1.539848676900045592e-06,-1.591188523065588817e-06,-1.651930139246143087e-06,-1.723436172573892155e-06,-1.807310905609682565e-06,-1.899556466120421234e-06,-1.045690478315587426e-05
1.344681650389341074e-08,1.239299626456869885e-08,1.233775618870599131e-08,1.233243487631784935e-08,1.232547026385998162e-08,1.230951349033376537e-08,1.230763681334256899e-08,1.229308342234184038e-08,1.235338201450825579e-08,1.161160977092455651e-08
2.273670561613456141e-04,2.246851424100722002e-04,2.219488519425257456e-04,2.192950234469491554e-04,2.168286446467759202e-04,2.147511766122618476e-04,2.133302451794875714e-04,2.129547918479822118e-04,2.142034120092193260e-04,4.445732887674510709e-08
2.273670534570040890e-04,2.246851400030323007e-04,2.219488485996060816e-04,2.192950211420714040e-04,2.168286424151514755e-04,2.147511744047933188e-04,2.133302428921652488e-04,2.129547896896143535e-04,2.142034102692830873e-04,5.175517181183370645e-08
1.734207809579807550e-05,1.825950510233279535e-05,1.960644156994251509e-05,2.139582836938426759e-05,2.416157554031028663e-05,2.859844648042576419e-05,3.659216574587067345e-05,5.467363759543999676e-05,1.289186303513828273e-04,1.462817482829428806e-01
3.940694016225946357e-09,3.941448003800796537e-09,3.942497101929548797e-09,3.943548484113244048e-09,3.944922422640077296e-09,3.946514969400970136e-09,3.948367134046009954e-09,3.950518670120857904e-09,3.952942335206230975e-09,3.961871204703751448e-09
3.939474439362260884e-09,3.939956222279415110e-09,3.941072609871159344e-09,3.942309438814972156e-09,3.943712699060586544e-09,3.945429147051073230e-09,3.947559642049836703e-09,3.949918145323668590e-09,3.952706740394307120e-09,3.962407146505639289e-09
3.938963746853420427e-09,3.939451004821013323e-09,3.940581933168955984e-09,3.941835063495315396e-09,3.943263991867385957e-09,3.945014413054831156e-09,3.947189931736306899e-09,3.949606597391725949e-09,3.952466456375159776e-09,3.964974413273040576e-09
-7.324512874613578632e-07,-7.582048973183348628e-07,-7.953194127239249026e-07,-8.373948236592385249e-07,-8.975946741202676078e-07,-9.801836014142993450e-07,-1.097366695049668808e-06,-1.273364242522483854e-06,-1.551983557664480503e-06,-1.386527487627592264e-05
1.076923819753607563e-08,1.077337280473796280e-08,1.074582805445401160e-08,1.074687831107737559e-08,1.072991929174669282e-08,1.072190279435653424e-08,1.071318982479880759e-08,1.069960078644412937e-08,1.072765408068010071e-08,1.038896172630892833e-08
-5.322663106758305546e-09,-5.322404920302986478e-09,-5.322117594816526336e-09,-5.321824282333431191e-09,-5.321431166934901201e-09,-5.320985691518122797e-09,-5.320464899087232622e-09,-5.319849595761096267e-09,-5.319133535520480388e-09,-5.318630221553569695e-09
7.644837864152999280e-14,7.552510758319273615e-14,7.416156317316548174e-14,7.377201782478749312e-14,7.285832949122687519e-14,7.229220911590436701e-14,7.242690883258971356e-14,7.370159508451603389e-14,7.605720435460787521e-14,1.101908188807399889e-13
2.262192812803951785e-08,2.257909352951636016e-08,2.228819750444340172e-08,2.218287186838179669e-08,2.196909042235074978e-08,2.187579618842896881e-08,2.179215436094465789e-08,2.167816657452962742e-08,2.166816853517731302e-08,1.598555392885898170e-08
1.204017204740766761e-07,1.155181450620740278e-07,1.092297896307340662e-07,1.156683608938527293e-07,1.147145242878676666e-07,1.138944096621807405e-07,1.159720845531973516e-07,1.157822619046600575e-07,1.131542294962935632e-07,1.015006664560649682e-07
1.287914330284486114e-08,1.258473577582944668e-08,1.224605527479964356e-08,1.260796597138961285e-08,1.264368481004370909e-08,1.280368748693012911e-08,1.254134889642983883e-08,1.262385816742993597e-08,1.118547573589840112e-08,1.222527205981458083e-08
1.930686758688848543e-08,1.931132258664156939e-08,1.931254895256767444e-08,1.931573197749906903e-08,1.931928996179528262e-08,1.932417879326742374e-08,1.933052686389150088e-08,1.933854174521068116e-08,1.934874771655618281e-08,1.935806443767377991e-08
1.467093822877300410e-08,1.467387425436381451e-08,1.467503673556671576e-08,1.467771429134832348e-08,1.468082304509707708e-08,1.468504958006798935e-08,1.469055103275563738e-08,1.469754711682312142e-08,1.470651420996098133e-08,1.471476267779565188e-08
-3.236942744149843014e-06,-3.337161785358173569e-06,-3.455773103583840290e-06,-3.589080056723225258e-06,-3.781517292924583227e-06,-4.011421863156280588e-06,-4.319068620629097258e-06,-4.730559892021498392e-06,-5.271179386769455746e-06,-6.720014853360027564e-06
-3.348311367025108325e+02,-3.348329360412815277e+02,-3.348356224634510454e+02,-3.348387566840800105e+02,-3.348414024600303378e+02,-3.348447646724431479e+02,-3.348502230775549720e+02,-3.348553363908023357e+02,-3.348655625735899548e+02,-3.351732563539928265e+02
8.348639134777011139e-02,8.250014320416534930e-02,8.149897872246503194e-02,8.052022206347866917e-02,7.961457020579566779e-02,7.885203447204376659e-02,7.833060721796704373e-02,7.819302354794198384e-02,7.864806530642542981e-02,2.584167653125495263e-05
-8.348628565907355303e-02,-8.250012033911849341e-02,-8.149895601695270053e-02,-8.052020009658321376e-02,-7.961454731452113909e-02,-7.885201144968587150e-02,-7.833058462561039159e-02,-7.819300176677961012e-02,-7.864804274907981341e-02,-2.581780805560591110e-05
-8.348218438205053105e-02,-8.249589992756313495e-02,-8.149467844227732682e-02,-8.051587570663425175e-02,-7.961015629708066699e-02,-7.884753453667807388e-02,-7.832600641551996923e-02,-7.818830173658621041e-02,-7.864320250141007551e-02,-2.156195934440989395e-05
1.343874515161853381e-08,1.344048269671439221e-08,1.344185463932084321e-08,1.344395350182636637e-08,1.344652214050753696e-08,1.344978023861541224e-08,1.345388919021984854e-08,1.345895513178805847e-08,1.346527723116442082e-08,1.347126913093994808e-08
2.957445124213433849e-02,2.922508414006180083e-02,2.887043689536047952e-02,2.852373626166567616e-02,2.820294376538894088e-02,2.793286625444225957e-02,2.774823118361898280e-02,2.769962493897932046e-02,2.786105308560381591e-02,2.151158635499703174e-05
1.483241683293371360e-08,1.480462346029766819e-08,1.483230797159632571e-08,1.476597551924780974e-08,1.476273556122409362e-08,1.475634890031078198e-08,1.470979334764951683e-08,1.468958517678096375e-08,1.461133909996062273e-08,1.465122632916828361e-08
6.589133331999859801e-09,6.724825078233079173e-09,6.794974887615399000e-09,6.672662555614476392e-09,6.715946727464401358e-09,6.678739507100537695e-09,6.626314392779749088e-09,6.646960207271683999e-09,6.542744008071012710e-09,6.421103456503440334e-09
-3.169422426915308117e-09,2.955833038644552912e-09,3.003961236771305390e-09,3.116788253403926191e-09,3.059161203978160114e-09,3.085304645725093288e-09,2.938452611256045394e-09,3.177853000091705241e-09,2.958803892410574619e-09,3.754298133704455886e-09
8.542349936940869081e-09,8.489756237659953667e-09,8.450083741466401756e-09,8.461013912345609356e-09,8.414222175599400916e-09,8.411730903654028731e-09,8.416103494726272576e-09,8.482843087004744626e-09,8.304064073048349671e-09,8.190232699300842739e-09
5.536400764394141388e-02,5.472537138449205807e-02,5.407965535555538106e-02,5.345644812384869188e-02,5.288682408214513686e-02,5.242186649972971346e-02,5.213623043703508042e-02,5.215894614088165820e-02,5.286956447821222066e-02,7.755135821913775596e-01
-2.312633223272111127e-01,-2.285430274584664689e-01,-2.257931064901403384e-01,-2.231003565184752346e-01,-2.206245567169934085e-01,-2.185601602347286010e-01,-2.171940725948264539e-01,-2.169764403282579135e-01,-2.188659672836922587e-01,-1.584737480357765627e+00
-7.121574665198546513e-08,-6.842282080120793426e-08,-6.478983264563979887e-08,-6.858089383786902298e-08,-6.789069048281687575e-08,-6.759994488804324367e-08,-6.854400332813735348e-08,-6.825682936700391978e-08,-7.063678325347761987e-08,-5.767220491014933671e-08
1.416431429191826741e-01,1.399750121088622623e-01,1.382907524706589453e-01,1.366379631184342358e-01,1.351199826123086756e-01,1.338546224462753009e-01,1.330185502100605655e-01,1.328909170810392559e-01,1.340821780168285349e-01,1.005520033388202394e+00
6.140172645460436479e-02,6.067550432454672099e-02,5.993793776534941248e-02,5.921630512218523795e-02,5.854745248244873357e-02,5.798203110618983802e-02,5.758995615514982819e-02,5.746867976140056927e-02,5.772010079330122667e-02,6.229661462663650673e-02
1.799315732849052218e-08,1.799650899530295542e-08,1.799743794756619518e-08,1.800002293664463523e-08,1.800283479427537357e-08,1.800676760399439139e-08,1.801184772244911489e-08,1.801830873659676365e-08,1.802655204970646689e-08,1.803458797047747731e-08
1.647414978457474893e-09,1.649566787964471976e-09,1.649416590738958063e-09,1.650124971125971999e-09,1.650596255492094743e-09,1.651544414434329423e-09,1.652673811991834016e-09,1.654230115873736178e-09,1.655918432519917684e-09,1.656461319206321622e-09
1.935137300505569181e-03,1.912466629774594272e-03,1.889503327371857330e-03,1.867170593693591278e-03,1.846677527483373297e-03,1.829781368676790428e-03,1.819072440962071465e-03,1.818984717169011079e-03,1.842546651295161276e-03,8.794392612478763027e-02
6.099932110698875496e-06,6.426181876979490574e-06,6.915152985813854992e-06,7.552206257187721581e-06,8.550350757070979141e-06,1.016179977063070461e-05,1.309539067885433636e-05,1.987329581211955828e-05,4.973646002913763981e-05,3.474323215989912967e-05
6.454673983962774808e-02,6.378591336311062454e-02,6.301413825367381538e-02,6.226002530691556597e-02,6.156283039725189699e-02,6.097657703397765805e-02,6.057700068384825470e-02,6.047447328942841260e-02,6.083062637627742464e-02,1.223408021021901390e-04
3.958575987668056999e-09,3.958782118332912380e-09,3.959003977417921829e-09,3.959228494792003162e-09,3.959532144842185743e-09,3.959881374889220873e-09,3.960292069456813341e-09,3.960779146147832899e-09,3.961348319168028085e-09,3.961577775583986201e-09
6.695102366358486846e-09,6.695928491885801967e-09,6.697423340026663968e-09,6.699180344575959721e-09,6.701198768431938611e-09,6.703630148600989003e-09,6.706628180947823446e-09,6.710013488859807325e-09,6.714042762275293450e-09,6.718668289236936592e-09
-6.695021687910451804e-09,-6.695848630481074275e-09,-6.697346175423772339e-09,-6.699106922449479459e-09,-6.701131004011596332e-09,-6.703570221829038600e-09,-6.706579125179516748e-09,-6.709979091229063318e-09,-6.714026776920663370e-09,-6.718702309749935570e-09
-5.737555138473401928e-02,-5.669944344852489992e-02,-5.601369308753035431e-02,-5.534363652702668779e-02,-5.472423998340249923e-02,-5.420349160927438736e-02,-5.384870937720027256e-02,-5.375800180998840244e-02,-5.407506070236667295e-02,-1.142739893685418675e-04
3.410505619969289972e-04,3.370276944286399140e-04,3.329232518547708681e-04,3.289425168733316066e-04,3.252429492517166739e-04,3.221267474720899190e-04,3.199953498086409312e-04,3.194321708465295510e-04,3.213051043497393809e-04,1.281254869894737732e-07
3.410505620386173838e-04,3.370276944689624228e-04,3.329232518994507312e-04,3.289425169119662836e-04,3.252429492892080598e-04,3.221267475086647745e-04,3.199953498456953294e-04,3.194321708833860823e-04,3.213051043848235127e-04,1.281254867465633851e-07
3.410505619715909756e-04,3.370276944041178629e-04,3.329232518313098715e-04,3.289425168512935169e-04,3.252429492308364038e-04,3.221267474521130603e-04,3.199953497899513458e-04,3.194321708292717629e-04,3.213051043377872988e-04,1.281254861758130506e-07
3.410505619346786621e-04,3.370276943696720552e-04,3.329232517960189824e-04,3.289425168205201730e-04,3.252429492064626716e-04,3.221267474232739872e-04,3.199953497599539653e-04,3.194321708009161898e-04,3.213051042862092536e-04,1.281254867797291984e-07
6.199159963700774439e-04,6.125923177675339851e-04,6.051522992631616377e-04,5.978894348651308784e-04,5.911645897035820068e-04,5.855028541918760919e-04,5.816318224498659038e-04,5.806123269171581565e-04,5.839949502240774888e-04,2.328812474674090612e-06
3.964363014811977336e-09,3.964271290179729554e-09,3.964113537275810443e-09,3.963955119724696306e-09,3.963748455509686288e-09,3.963503752217891841e-09,3.963216226028788853e-09,3.962880194165152673e-09,3.962501168334946594e-09,3.961800528191300720e-09
5.536381427176362800e-04,5.472096599688444380e-04,5.407314503426019926e-04,5.343201574725374176e-04,5.284514647537502273e-04,5.235759394019777295e-04,5.203026906955253439e-04,5.195693046252978587e-04,5.227639655371716819e-04,4.331324471215629047e-06
5.536381425991063112e-04,5.472096598464213160e-04,5.407314502462969756e-04,5.343201573569290484e-04,5.284514646432982151e-04,5.235759392993484529e-04,5.203026906047699242e-04,5.195693045431920955e-04,5.227639654584024425e-04,4.331338439875568356e-06
9.366309016043551783e-07,9.430969773246010913e-07,9.586964481965701497e-07,9.571417216943509728e-07,9.678725576504187679e-07,9.874220988322375819e-07,1.010141473508103792e-06,1.035858035926987595e-06,1.064965422089189714e-06,3.502727294733003311e-07
9.366310057437202158e-07,9.430969807478254553e-07,9.586964125399463763e-07,9.571417043739372996e-07,9.678727558749725791e-07,9.874220740677152975e-07,1.010141479511141062e-06,1.035790440224404380e-06,1.064965304652929734e-06,3.502727309314942313e-07
9.496166248558859620e-07,9.549797451051532844e-07,9.731427082338572937e-07,9.692730578046003767e-07,9.802348224122097008e-07,1.000290095866083293e-06,1.023609721548666477e-06,1.050100903975755174e-06,1.078430095706629748e-06,3.512488369513940088e-07
9.496170336904375588e-07,9.549797465818180086e-07,9.731426340824628032e-07,9.692730554620253055e-07,9.802348044607056598e-07,1.000290121142799201e-06,1.023609720471412940e-06,1.050017080274206400e-06,1.078430643762241779e-06,3.512488396713840914e-07
9.669339041783010348e-07,9.697069279022934187e-07,9.926644669964583442e-07,9.843501662940228342e-07,9.956774463216425299e-07,1.016591240985689618e-06,1.040913382743873977e-06,1.068693378245397456e-06,1.095859608975135009e-06,3.511407606024614055e-07
9.669335551828645352e-07,9.697069226703314163e-07,9.926645298597640781e-07,9.843501765742690151e-07,9.956774994428670071e-07,1.016591265374691915e-06,1.040913382829512184e-06,1.068677996015542890e-06,1.095859733422570660e-06,3.511407607949525015e-07
6.791024307872224817e-07,6.872244984860521683e-07,6.921820985865110058e-07,7.038277218816285403e-07,7.144934847556761819e-07,7.277118244354696390e-07,7.431013318418029301e-07,7.613950264142541531e-07,7.853533599869939551e-07,7.106177254411609633e-07
6.791025710056830569e-07,6.872244949918566077e-07,6.921820587624610973e-07,7.038276956550331566e-07,7.144936519333843000e-07,7.277117867600722200e-07,7.431013377173340013e-07,7.613254770360305642e-07,7.853530433887283560e-07,7.106177382647331532e-07
6.979834423072901059e-07,7.045544725988381211e-07,7.132197070404678718e-07,7.216760457854344226e-07,7.328493441504673071e-07,7.470137835129544989e-07,7.636075281552163253e-07,7.834009257654224420e-07,8.070661309577346780e-07,7.140271460727949301e-07
6.979843174192246605e-07,7.045544817027646494e-07,7.132196529321135273e-07,7.216760463413434164e-07,7.328493084791925106e-07,7.470137924835593119e-07,7.636075280296200798e-07,7.834248722772848127e-07,8.070666858690393186e-07,7.140271646216579457e-07
7.253822324027067778e-07,7.288448283883113465e-07,7.437236610242121564e-07,7.466599946783978147e-07,7.585966404643836074e-07,7.742271085296962983e-07,7.926771687659799662e-07,8.151869404044087866e-07,8.379669879537496302e-07,7.141804484668213413e-07
7.253817784142669189e-07,7.288448204320454285e-07,7.437237300962887695e-07,7.466600122178080448e-07,7.585967078105290524e-07,7.742271341291352530e-07,7.926771669637991039e-07,8.150471829832022593e-07,8.379672961288527864e-07,7.141804507333727703e-07
-1.305569492696156297e+00,-1.305351123024358850e+00,-1.304565192175407118e+00,-1.304514400683550734e+00,-1.304093572635137921e+00,-1.303699855974789878e+00,-1.303480922436989653e+00,-1.303398173784469982e+00,-1.303931124884520232e+00,-1.307406833363213616e+00
1.665803476218333694e-09,1.666146172242908482e-09,1.666517174580916262e-09,1.666872401186800893e-09,1.667369497909678866e-09,1.667921746462886267e-09,1.668563000765314534e-09,1.669320657563120771e-09,1.670200922223099642e-09,1.670737867464088186e-09
5.722157161658831504e-06,5.898511387557959506e-06,6.152164784230610110e-06,6.428094862934792884e-06,6.816800532688008784e-06,7.333629148086202369e-06,8.037571457134853612e-06,9.033053433794415178e-06,1.048478349759748405e-05,1.484441963650481913e-05
1.943938821433732062e-02,1.920959109310579893e-02,1.897640423797999562e-02,1.874793795375822095e-02,1.853643712690409770e-02,1.835772975684655042e-02,1.823389555093236220e-02,1.819518686710182298e-02,1.826654406566056640e-02,-4.728978846867648578e-02
7.446932933305686932e-03,7.359591855660102197e-03,7.271188864861861424e-03,7.184996904088894812e-03,7.105892776738937863e-03,7.040491884542364118e-03,6.998588756636200774e-03,6.996577736369993111e-03,7.078885950117687689e-03,4.744004403449098711e-02
1.943072234964815861e-02,1.920046802450189535e-02,1.896660211698459469e-02,1.873725186565785086e-02,1.852436632338164135e-02,1.834344206981538758e-02,1.821560987326989803e-02,1.816786140427425339e-02,1.820208143914939236e-02,-1.284361803526617440e-01
8.673959435422985177e-06,9.129028090278945110e-06,9.810126829975356020e-06,1.069552856160543213e-05,1.207750951904923241e-05,1.429534283345184634e-05,1.829183573232323831e-05,2.733225836212428215e-05,6.446179809891668501e-05,8.114640241662587905e-02
7.446948733218124346e-03,7.359607666466717532e-03,7.271204780607385017e-03,7.185012822530673950e-03,7.105908644485315132e-03,7.040507891141458904e-03,6.998604734023212287e-03,6.996594021811341872e-03,7.078902280434804482e-03,4.744006065786592063e-02
6.454675564799509935e-02,6.378592917428121956e-02,6.301415417515056350e-02,6.226004119221201921e-02,6.156284629053930535e-02,6.097659305223933346e-02,6.057701664513215345e-02,6.047448955518067160e-02,6.083064268515572109e-02,1.223574260043290562e-04
3.421888924391929489e-08,3.422821190107514973e-08,3.422834004905265375e-08,3.423562969205358594e-08,3.424037069056045135e-08,3.424501863999220655e-08,3.424957849965111369e-08,3.425566792158647999e-08,3.426365169546655868e-08,3.423247920913373392e-08
7.330225564805083802e-09,8.281337621463804879e-09,7.864878570453985957e-09,8.225925079855076250e-09,8.208225924297703228e-09,6.578275964157419218e-09,7.954102583695117933e-09,8.310058024420674479e-09,7.201493045008081073e-09,8.334853746942641582e-09
2.559470679606762247e-05,2.424977816536014972e-05,2.270289432874985762e-05,2.078456753254581658e-05,1.877770406285158864e-05,1.671813434044125559e-05,1.469675696829506754e-05,1.274966527627731935e-05,1.094485731482775869e-05,8.490382968345571764e-06
2.560031827037951896e-05,2.425443579007784725e-05,2.269926136455186199e-05,2.078376529488233353e-05,1.878098081684891857e-05,1.672145899043810620e-05,1.468878507284193120e-05,1.275096593941644182e-05,1.094258059897230593e-05,8.485366288492078498e-06
1.736648264790292603e-05,1.827685126449359374e-05,1.963695696855227306e-05,2.141154292715577049e-05,2.417082225664901713e-05,2.860695996407866385e-05,3.659894264505198576e-05,5.468049144912428004e-05,1.289227080170252809e-04,1.462813137993214663e-01
5.779141769708038729e-06,6.083903404533957245e-06,6.544023187616884656e-06,7.135028827409441267e-06,8.053692567831833261e-06,9.534854989442867004e-06,1.220847205670495116e-05,1.824234799816256984e-05,4.309944188406825827e-05,6.293152451354899757e-02
1.281231746895466370e-08,1.254896348422171049e-08,1.327397578227026122e-08,1.248205876037188724e-08,1.306455485475939482e-08,1.413009481396612267e-08,1.376963381637802156e-08,1.289535932242482609e-08,1.307147725188591636e-08,1.304264587763396534e-08
8.606486286259255115e-09,8.419229356702315586e-09,8.687053750061495976e-09,8.173741676172843736e-09,8.531126794993528531e-09,8.801148970633179166e-09,8.494072806686396894e-09,8.609542960732329033e-09,8.677750495717025773e-09,8.782900313698926161e-09
1.734854602554629092e-05,1.825943116318505267e-05,1.962564241009768500e-05,2.139044159257999088e-05,2.415850591810640057e-05,2.859088824529822226e-05,3.658783572474220432e-05,5.466237354934389535e-05,1.289059518770132868e-04,1.462812973176068343e-01
5.778964895831688405e-06,6.080833093946146767e-06,6.536932378315494753e-06,7.126600628321231989e-06,8.050327880325931657e-06,9.530076070930476115e-06,1.219785887237929587e-05,1.823733125065113406e-05,4.309454791804926094e-05,6.293151668883410765e-02
4.255141825775478860e-08,4.229602188851542013e-08,4.132184663656498142e-08,4.271254605889921114e-08,4.196694356930350919e-08,4.197053471836971073e-08,4.103954520691628491e-08,4.297550754159074773e-08,4.406166543907883477e-08,4.350631715624682526e-08
2.876865169373997740e-08,2.852651518525848898e-08,2.834240196923919024e-08,2.864541732242515601e-08,2.834623466902467833e-08,2.936695788954031671e-08,2.815148422509726917e-08,2.884495582075182117e-08,2.908317870552126398e-08,2.882876637761005840e-08
1.256592818916083215e-08,1.249638315867363433e-08,1.257654744111136816e-08,1.251854522634260232e-08,1.256985431260747920e-08,1.249547998561292821e-08,1.262887729279763821e-08,1.266840005829087659e-08,1.272449867193235608e-08,1.278362161460798381e-08
7.750864315166268000e-09,7.593567819226984082e-09,7.650725168804822344e-09,7.435491854815895679e-09,7.576960408095789935e-09,7.548472519485398272e-09,7.428839124684827117e-09,7.804812796301118913e-09,7.728232470836413541e-09,7.911356445356086416e-09
5.316381972627524415e-09,5.316640112243058046e-09,5.316927564903200400e-09,5.317220930340577736e-09,5.317614294548929734e-09,5.318059726848220568e-09,5.318580563769622177e-09,5.319196070181566624e-09,5.319912074006177572e-09,5.320415743101967998e-09
8.673796885217660677e-06,9.128845909075086233e-06,9.809913905397504752e-06,1.069527244763637459e-05,1.207717932219231155e-05,1.429487592585848816e-05,1.829106654391307818e-05,2.733053914457203947e-05,6.445230596910466565e-05,7.314600278838635783e-02
6.060133618499666666e-09,6.061100140892333794e-09,6.062952638214578841e-09,6.063641701721555262e-09,6.065444650051070471e-09,6.067878352564830064e-09,6.070669469767064702e-09,6.073845632154814845e-09,6.077084946135670459e-09,6.020564521797591285e-09
8.673796912119728625e-06,9.128845900736160370e-06,9.809913923295897074e-06,1.069527243579971257e-05,1.207717933621714936e-05,1.429487590760521445e-05,1.829106655235508287e-05,2.733053913983186014e-05,6.445230597320827600e-05,7.314600187029911271e-02
1.014481812321671866e-01,1.002020701852439077e-01,9.899147016381336373e-02,9.781200085370002351e-02,9.672498254260557260e-02,9.581491598336475124e-02,9.521291935813087914e-02,9.510646647860225567e-02,9.593511294113980792e-02,5.053107557878302458e-01
1.785706658845411521e-01,1.764637521257790276e-01,1.743259805980642840e-01,1.722372013275859093e-01,1.703071244961623931e-01,1.686871403228495658e-01,1.675913514634272683e-01,1.673404767796647374e-01,1.684870018227185295e-01,6.898142601969866616e-01
-2.493795267710019123e-03,-2.466137364451972264e-03,-2.438858339040133119e-03,-2.412873743738430925e-03,-2.390778902519583894e-03,-2.375732919798046947e-03,-2.373855756027441841e-03,-2.400221038353439907e-03,-2.532119344412382938e-03,-2.273981437950433615e-01
5.022427333189529467e-07,5.230802372914391643e-07,5.534783982480186213e-07,5.898010929083075138e-07,6.432224648743420338e-07,7.203535954126275801e-07,8.380058407248241670e-07,1.034734054944113819e-06,1.414655527477822419e-06,2.854951964536219552e-05
-1.197805840385403710e-04,-1.181030889651317608e-04,-1.162987076034685936e-04,-1.144346321738270761e-04,-1.124531587051313822e-04,-1.103096965458125417e-04,-1.077414294315417559e-04,-1.035633944800024535e-04,-8.685435600689108673e-05,7.314167160101074650e-02
-2.499626715651210418e+02,-2.499628026916652175e+02,-2.499630173893523022e+02,-2.499632211071726715e+02,-2.499634192719317127e+02,-2.499636682975203144e+02,-2.499640588433389325e+02,-2.499644564554502892e+02,-2.499651412807923236e+02,-2.499098169643397398e+02
2.499623731053587221e+02,2.499625085127257762e+02,2.499627278554364409e+02,2.499629364174903401e+02,2.499631398402572700e+02,2.499633947556268652e+02,2.499637927928798433e+02,2.499642036143911241e+02,2.499649374451500705e+02,2.499474357668870539e+02
-3.734705389712809361e-05,-3.667493948324652335e-05,-3.586971478348567404e-05,-3.503576626493989959e-05,-3.387620679688555669e-05,-3.246185103015434680e-05,-3.042113050432815126e-05,-2.971985031239184931e-05,-9.145980512015958744e-06,2.438203340823767371e-02
5.345439315964187893e-02,5.277802404013032939e-02,5.213439909230655617e-02,5.151449475541367701e-02,5.098127781617296100e-02,5.046343127333871581e-02,5.014616329136705603e-02,5.009777812896365479e-02,5.052440526708515400e-02,2.409419817259904062e-01
6.353535054414630734e-01,6.278529983667664460e-01,6.202406245184247657e-01,6.127998240093870397e-01,6.059177315459436386e-01,6.001278339123646832e-01,5.961781925091576007e-01,5.951612753894028884e-01,5.986959728489692489e-01,1.439598375055365920e-01
-4.574622870907286976e-02,-4.520699567409574432e-02,-4.466010182099724307e-02,-4.412556191007008244e-02,-4.363159207121682093e-02,-4.321646167254421245e-02,-4.293400757448542077e-02,-4.286277794871252295e-02,-4.311814517984551703e-02,-1.559380851521742083e-04
-1.104815539228018909e-09,-2.307533054359935763e-09,-3.620732802188050122e-09,-2.389543965582516080e-09,-2.392366885408397019e-09,-2.766424842473261448e-09,-2.237634362127715579e-09,-2.047139324044638877e-09,-2.799517056374866903e-09,-4.848564285490738563e-10
3.076133260021980516e-09,4.315208116374318412e-09,2.587950624532220817e-09,4.592306866826168943e-09,3.454270754960969956e-09,5.076729480304373373e-10,2.252043563629664545e-09,3.857529023154129625e-09,3.281463372286956571e-09,3.764702881871326610e-09
-7.791667123513824190e-09,-7.777626189915700720e-09,-8.032571921403254395e-09,-8.082493329613472169e-09,-7.848992442166063336e-09,-7.891576534987001404e-09,-8.255791795296126025e-09,-7.147642252422072343e-09,-7.938806223938938045e-09,-7.150766743044122328e-09
-2.663441464609717853e-09,-3.104431575728224051e-09,-3.168355070550669609e-09,-3.105202346906706312e-09,-3.238135683114930096e-09,-2.517236358775356831e-09,-3.486467669819555532e-09,-3.018133608454298411e-09,-2.674796582386076481e-09,-2.992725318288658957e-09
-5.686226424284523735e-09,-6.724524538129789941e-09,-5.639214578309277716e-09,-6.010192095039919561e-09,-5.716751334722016426e-09,-4.229965795208481369e-09,-5.568618442639617942e-09,-5.551104586513049871e-09,-5.427380548277796003e-09,-4.888548523774024430e-09
-8.646099265028436078e-10,-1.420770252190558230e-09,-2.117636630877225681e-09,-1.117249459219571757e-09,-1.434622289463176968e-09,-4.589296293652162132e-10,-1.051421772764376293e-10,-1.260040669405845896e-09,-4.872570156044017144e-10,-2.910243759576079316e-09
1.268912282626834766e-08,1.252267331886032590e-08,1.292526161191129720e-08,1.250030199437976740e-08,1.281720458131317826e-08,1.331278740175851473e-08,1.319925555728027383e-08,1.278187968793824548e-08,1.289798796519621549e-08,1.291313374717809320e-08
8.178686129071614190e-09,7.993124430759330592e-09,8.168889458400491167e-09,7.809551373954899283e-09,8.054043613396259031e-09,8.176869070477381964e-09,7.961946692435348902e-09,8.207178156359154459e-09,8.202991475624714174e-09,8.347128377102244165e-09
4.890500099315379383e-08,4.840628133086172697e-08,4.816218081061251828e-08,4.874151234631671680e-08,4.858079116103077655e-08,4.980145978898865247e-08,4.839543860175434595e-08,4.937161399482587578e-08,5.061921319142525384e-08,4.999943507299553215e-08
2.818986716605709718e-08,2.762445953034817369e-08,2.771726719605866813e-08,2.728729220386503641e-08,2.755045888612197155e-08,2.900794873807846469e-08,2.713043607579348296e-08,2.834501642693376040e-08,2.850229312400950806e-08,2.851668471895550244e-08
4.105302515368830669e-08,4.055394765954177427e-08,4.053309621754953397e-08,4.083879055308620211e-08,4.087187248668091416e-08,4.278587932744312602e-08,4.097927025021105033e-08,4.146162131176421331e-08,4.271752740989916552e-08,4.200416647693211507e-08
2.711900705487448860e-08,2.679571411321444558e-08,2.691582883676787313e-08,2.671695177712171435e-08,2.682155849169769749e-08,2.843112427855255323e-08,2.675103848423112824e-08,2.714693229817383808e-08,2.753051111605794290e-08,2.720251564868972681e-08
1.061953075974049570e-05,1.117582573228056311e-05,1.200837216603457517e-05,1.309056650879072614e-05,1.477942713247355586e-05,1.748906667361673962e-05,2.236993565559569134e-05,3.340605822761536138e-05,7.889800632657017034e-05,9.752137366416623043e-02
8.874182377001763958e-06,9.338727821567619717e-06,1.003379630187048686e-05,1.093653816846527498e-05,1.234463750755285686e-05,1.460183136153171334e-05,1.866235165756407620e-05,2.782187090081335944e-05,6.523423612611958539e-05,7.524825931666571932e-02
1.389315460562622141e-05,1.462157362251330550e-05,1.571175537852156624e-05,1.712870136366234416e-05,1.934020472757902391e-05,2.288888812927816727e-05,2.928288606639768165e-05,4.374696785367574841e-05,1.032348217868821498e-04,1.158997280438908567e-01
2.527169226956108185e-05,2.660445640219372238e-05,2.859974453007099949e-05,3.119418067548538264e-05,3.524644694948396174e-05,4.175594838319235456e-05,5.350229387160284402e-05,8.010155261666465219e-05,1.867689286046921623e-04,1.373495122841885130e-01
2.124690283638587892e-05,2.235949933604651407e-05,2.402460091144407390e-05,2.618899870147241627e-05,2.956673147906679926e-05,3.498602409285098505e-05,4.474777762301809201e-05,6.682003970837668339e-05,1.578039417787810796e-04,1.950135362968335451e-01
2.295343353621567747e-05,2.415871132774985428e-05,2.596277953360309681e-05,2.830826480040783184e-05,3.196989221174068469e-05,3.784786902241393764e-05,4.844496433145558241e-05,7.243657619982091136e-05,1.710056725214267111e-04,2.085903816448713699e-01
1.769183690401326093e-05,1.861642859589710428e-05,1.999978537458165585e-05,2.179621476609188633e-05,2.459815936366095367e-05,2.908943632720622358e-05,3.716895563297268457e-05,5.539882754730511718e-05,1.299531267938670799e-04,1.462842564650890798e-01
5.968395255871450096e-06,6.286210239840817876e-06,6.762318924187439147e-06,7.382368935257046022e-06,8.352197569087972228e-06,9.913565002146417413e-06,1.273963027379103304e-05,1.916079737227201679e-05,4.432918154838145987e-05,8.581862468316760423e-06
8.712964748596300051e-06,9.172754817500381724e-06,9.861251359353583086e-06,1.075705086659325611e-05,1.215688214334084917e-05,1.440769664285122198e-05,1.847726411248444561e-05,2.774829712204610261e-05,6.679099002088111450e-05,1.327481630069662910e-01
8.911814091751237262e-06,9.396837468309951737e-06,1.012451437316841614e-05,1.107477254688191755e-05,1.256619503419012549e-05,1.498020281408663325e-05,1.938534235257039371e-05,2.951737206587461262e-05,6.899142689701815985e-05,8.597086350451665137e-06
1.613239193284575718e-05,1.697089042596416480e-05,1.822505073661116669e-05,1.985322639753825711e-05,2.239077091334938991e-05,2.645349769400042475e-05,3.374882894377043998e-05,5.017153953598172620e-05,1.183144421201823081e-04,1.741193423434934384e-01
8.673796758989426133e-06,9.128845962559887321e-06,9.809913958475421705e-06,1.069527245666102614e-05,1.207717940884943007e-05,1.429487599865770213e-05,1.829106646127770259e-05,2.733053903842630559e-05,6.445230600892723526e-05,7.314598860955803805e-02
8.673796905946584693e-06,9.128845908803129365e-06,9.809913883948599342e-06,1.069527245348863365e-05,1.207717932304547024e-05,1.429487592943321792e-05,1.829106655719014684e-05,2.733053915836330795e-05,6.445230596472737556e-05,7.314600186990626030e-02
2.323971285706758858e-09,2.323630885484321157e-09,2.323256171825510475e-09,2.322810937402206008e-09,2.322259274621650874e-09,2.321654284620103347e-09,2.320914777180100962e-09,2.320058970369072389e-09,2.319076212465537641e-09,2.317948813187361113e-09
6.724907606016515715e-09,6.724921270612202211e-09,6.724570733558099018e-09,6.724127781872344056e-09,6.723615618362149218e-09,6.723103416046733051e-09,6.722525185973470299e-09,6.721840323903191308e-09,6.721044305708480435e-09,6.720693355537880848e-09
6.755130207742246835e-09,6.754019444064403428e-09,6.752082689836718583e-09,6.749995169847892081e-09,6.747363657029208873e-09,6.744433867211630111e-09,6.741048789619418944e-09,6.737090784407704383e-09,6.732575820958339942e-09,6.720249485260850075e-09
5.765405150069848397e-03,5.697821708235585245e-03,5.627294771000556500e-03,5.561171194879973440e-03,5.498532553904002945e-03,5.445680027764616613e-03,5.409488491582521708e-03,5.399825278454788331e-03,5.432091902783720179e-03,1.394261274043384877e-06
2.273670475638415306e-04,2.246851352353999669e-04,2.219488420453597866e-04,2.192950166110098158e-04,2.168286380128002435e-04,2.147511700552800021e-04,2.133302383921455614e-04,2.129547854241384958e-04,2.142034068434791759e-04,6.769812914834520111e-08
1.519186113759051551e-06,1.679558219139041448e-06,1.091919304423178312e-06,1.530620448753610151e-06,1.394065990312119360e-06,1.236397499625662435e-06,1.096986304577973479e-06,9.789058713859629233e-07,1.064509667111618565e-06,1.176208840639284031e-07
5.666665023835718529e+01,5.666330101629628047e+01,5.666008078662580516e+01,5.665678419604985550e+01,5.665381978187205902e+01,5.665144678771530096e+01,5.665007812311271351e+01,5.665013549146380711e+01,5.665299727424715570e+01,5.770799274898288900e+01
1.661007807845513162e-02,1.641413234739426755e-02,1.621533252192716365e-02,1.602109584310574056e-02,1.584165028318409996e-02,1.569109175076649834e-02,1.558938067510888190e-02,1.556650435331073667e-02,1.567500173359261811e-02,7.210102588715538996e-02
4.449716914151219038e-09,4.440469367359208479e-09,4.421902256579278059e-09,4.410788854148743668e-09,4.392633044513641558e-09,4.371228741785560530e-09,4.347604855823052130e-09,4.321325388210579150e-09,4.293369646597827983e-09,2.433356877326191940e-10
5.094857174816776859e-09,5.044609539889561910e-09,5.174294364669100284e-09,5.008985859281486778e-09,4.999976242954475876e-09,4.996496229564219148e-09,4.991867916233236096e-09,4.982795929690033570e-09,4.862599054964854511e-09,7.408261115895338971e-09
5.705496187064075424e-09,5.619968719205437256e-09,5.878138931385347739e-09,5.583441928013542323e-09,5.584346101281828910e-09,5.599026658917512014e-09,5.612236116048657199e-09,5.619015921483401523e-09,5.410941301723686334e-09,1.305642200547985494e-08
-1.127721811074732720e-09,-3.491971601331303337e-09,2.166774895581074470e-09,-2.375179684122740430e-10,-3.648462708084533330e-09,3.612304866908152320e-09,-3.739745100361227007e-10,-6.821409694789273575e-11,2.190377255190105453e-10,-3.910943170124196203e-09
2.503117598845836128e-09,2.224075579202648548e-09,3.104519141912190364e-09,3.044153164592625971e-09,2.179893346340180159e-09,2.562646842279816084e-09,2.579002146861815877e-09,1.676267247871045341e-09,2.461567740086193123e-09,2.932081531470323530e-09
4.112725519875979510e-08,4.098357333732240534e-08,4.089748223474687014e-08,4.062056687061192008e-08,4.043571053637567865e-08,4.037749579634993062e-08,4.032578656038084260e-08,4.027164033223030613e-08,4.021405410601646610e-08,3.497169467358504994e-08
3.572042919675362321e-08,3.559359236709015948e-08,3.551184061668249862e-08,3.528395995722898595e-08,3.511641637700408315e-08,3.506729215505380745e-08,3.502897214013123146e-08,3.498535106491998791e-08,3.494129469392234800e-08,3.015741185440524274e-08
3.062913523825662801e-02,3.026731977000957086e-02,2.990003626923738722e-02,2.954097387616614126e-02,2.920873751636807181e-02,2.892900980740987366e-02,2.873774459545795634e-02,2.868730777930623282e-02,2.885429269411426967e-02,1.837145969853431888e-05
1.412755033722555263e-08,1.412958205922611918e-08,1.413411236822464140e-08,1.413846105408321447e-08,1.414395490296178104e-08,1.414964124911289505e-08,1.415586705835000047e-08,1.416276418838551411e-08,1.417028878145532360e-08,1.424807964264988418e-08
3.026253608221364856e-08,3.016262365332132221e-08,3.009151135280041464e-08,2.990989599800330620e-08,2.977414330779424182e-08,2.973512615817635701e-08,2.970609776863005161e-08,2.967183743153138749e-08,2.964075165406024410e-08,2.577262857352059793e-08
1.142962975134459436e-02,1.129466233283335334e-02,1.115766255872359218e-02,1.102376173779622513e-02,1.089990113583050139e-02,1.079568889652893562e-02,1.072458491250268681e-02,1.070623392894453664e-02,1.076951711183247312e-02,3.559017264477312812e-05
3.878774372102950106e-08,3.864561533889642019e-08,3.855964650500250776e-08,3.830543741992524738e-08,3.812127306894687919e-08,3.806612207487775625e-08,3.802088853146559248e-08,3.797124316276027698e-08,3.791832130465501578e-08,3.266123561631879061e-08
3.562724836631340549e-08,3.552333560820432238e-08,3.545164736065718788e-08,3.525613225524542836e-08,3.511914876141940234e-08,3.507381725425731241e-08,3.504627713343394779e-08,3.500221216627132953e-08,3.496192029935301744e-08,3.124769302851517329e-08
3.894150651072748244e-08,3.881309755556660659e-08,3.873231629530114982e-08,3.848865194365354490e-08,3.832298309993873373e-08,3.826854832826522148e-08,3.823384978385345947e-08,3.818145143834443825e-08,3.812879575658403713e-08,3.364964688395335968e-08
2.813468470189338057e-08,2.815214446025313873e-08,2.817638576198025867e-08,2.820150083840679625e-08,2.823388865816562423e-08,2.827116931613448694e-08,2.831498092109323264e-08,2.836630480605719075e-08,2.842462861606677454e-08,2.852493466224946177e-08
2.886931025989014770e-06,3.038895738102891453e-06,3.266359609662248996e-06,3.562099029268573321e-06,4.023798040768020870e-06,4.764992831309481328e-06,6.101396739917970968e-06,9.128201264023721626e-06,2.161395468491130963e-05,1.627266241402565705e-01
1.661009124418273003e-02,1.641412824024277711e-02,1.621529918360529662e-02,1.602101632119345975e-02,1.584149199707410999e-02,1.569078517162567424e-02,1.558875887065012608e-02,1.556502576543078963e-02,1.566925785845897298e-02,1.627429558063216430e-01
-1.120601354616349616e-06,-1.162675046087383739e-06,-1.223623684566313487e-06,-1.294395866549409587e-06,-1.396837796374304712e-06,-1.540495305999752060e-06,-1.750611488168712845e-06,-2.079698815125127741e-06,-2.642945957247881953e-06,-5.922181444266055430e-06
1.661009178771406108e-02,1.641412813155218239e-02,1.621529947081629119e-02,1.602101688222789394e-02,1.584149171436466039e-02,1.569078487499118643e-02,1.558875841394184898e-02,1.556502537098279799e-02,1.566925842452324136e-02,1.627429555049990373e-01
-1.142962975074976982e-02,-1.129466233224484840e-02,-1.115766255815259407e-02,-1.102376173724611309e-02,-1.089990113531280093e-02,-1.079568889605465702e-02,-1.072458491208673481e-02,-1.070623392860490901e-02,-1.076951711158709822e-02,-3.559017272636367840e-05
2.957445137053795609e-02,2.922508404162640558e-02,2.887043686392017083e-02,2.852373615001735016e-02,2.820294379411496591e-02,2.793286640531287418e-02,2.774823143381916976e-02,2.769962492718908847e-02,2.786105298464804439e-02,2.151144248296484775e-05
1.503615679310828902e-10,-1.261993751743527399e-12,-1.145853752119709654e-10,-1.584352252683609627e-13,8.841176256439002446e-13,7.086812237980809889e-13,1.812150582671597367e-12,1.236567415503331508e-10,5.976456463001569264e-13,-2.339744410864978976e-12
6.509627226522200663e-06,6.851531523532863836e-06,7.363299695122191845e-06,8.028677532670013350e-06,9.067438971411955972e-06,1.073501443775262042e-05,1.374167509354535734e-05,2.055121331100885781e-05,4.863805836187418233e-05,2.629311094635282675e-01
1.703370102580646292e-02,1.683337034973523758e-02,1.663035595363692928e-02,1.643222214977202791e-02,1.624976343909870224e-02,1.609776460081889515e-02,1.599763457083219070e-02,1.598341484709712990e-02,1.613262109972550887e-02,3.159608672948425734e-01
1.737302083950404669e-05,1.827584661491232087e-05,1.965285789165493281e-05,2.140524091947775998e-05,2.416713426107483357e-05,2.860105585636465151e-05,3.659209825131611818e-05,5.466851304633227093e-05,1.289105808978140198e-04,1.462808629427164719e-01
-1.712114830971390044e-09,-2.411569269751061682e-09,-2.332058570241295149e-09,-2.597703994414107503e-09,-2.255344113457255651e-09,-2.208635039108988927e-09,-2.352189642272399115e-09,-1.100146136434246416e-09,-1.537646268995533995e-09,-1.322046621143569998e-09
5.722156962623110026e-06,5.898511259970399713e-06,6.152164671167142051e-06,6.428094764790570135e-06,6.816800494475907149e-06,7.333629154502537083e-06,8.037571468688445693e-06,9.033053507623395895e-06,1.048478361597495815e-05,1.484441704351308662e-05
-3.323423722717398041e-06,-3.416462992551097247e-06,-3.549626430004224811e-06,-3.689031671377545845e-06,-3.882526367824629060e-06,-4.131836048439930579e-06,-4.457046009385819470e-06,-4.888777842374826035e-06,-5.456124477562671186e-06,-7.422964687445199067e-06
6.330552058187738362e-02,6.255990422833775100e-02,6.180367165857095224e-02,6.106482047565739424e-02,6.038210446028900030e-02,5.980858798142602017e-02,5.941881819886708771e-02,5.932164263293444179e-02,5.967708849319019321e-02,1.341151990751705998e-04
-2.961868030275484270e-07,-3.098808638036032651e-07,-3.300360104433474088e-07,-3.549149743652114739e-07,-3.922498965984920153e-07,-4.481377886017586335e-07,-5.381158503267926012e-07,-7.025494945497940697e-07,-1.079891052305351534e-06,-2.833513899933164103e-06
-3.251994486079001108e-08,-3.235654315667617368e-08,-3.237426158653984568e-08,-3.200600079652590342e-08,-3.208199485788320150e-08,-3.211446538360879911e-08,-3.152086266083897592e-08,-3.156870338794061101e-08,-3.147754554860138541e-08,-3.196856726218289320e-08
-1.265901523981765287e-10,-1.190480150159966292e-10,-1.538122290820837145e-10,-1.136140679799476217e-10,-1.096524758797063662e-10,-1.060019410792168238e-10,-1.047390362932002210e-10,-9.856124195819493780e-11,-8.630404898849308385e-11,-8.853338512369349816e-09
4.749294193654828855e-01,4.693205966783325356e-01,4.636377166604946920e-01,4.580712223587593557e-01,4.529330749689452484e-01,4.486188079096219972e-01,4.456958579817091870e-01,4.450103409398296073e-01,4.479798443736955904e-01,1.147041741974556883e+00
2.400380413815301737e-08,2.417299510326869441e-08,2.360827545632725803e-08,2.376640879892550278e-08,2.353181352167872004e-08,2.340896470403372148e-08,2.328898919901023289e-08,2.313466527836556345e-08,2.321758764845275032e-08,1.706712134617644831e-08
8.673901569297197764e-06,9.128963166068697520e-06,9.810050844636864894e-06,1.069543704102418292e-05,1.207739135290334936e-05,1.429517550940553136e-05,1.829155974141194419e-05,2.733164087068796905e-05,6.445838425018825268e-05,7.524325704572781826e-02
6.845598110028350452e-09,6.839928765970544821e-09,6.832086507919824077e-09,6.824073568364341712e-09,6.813564968830209247e-09,6.801095856252511774e-09,6.786344896576906872e-09,6.768950738916881710e-09,6.748906785891980352e-09,6.714438737293607310e-09
6.829492501677132813e-09,6.824640103383345877e-09,6.817580215134053067e-09,6.810614400052095911e-09,6.801336613470436676e-09,6.790349626994320991e-09,6.777378008195925335e-09,6.762111284222844547e-09,6.744521248260089043e-09,6.721666962625043731e-09
6.861350981570509008e-09,6.855228571415792982e-09,6.846362047214860704e-09,6.837426415636098880e-09,6.825603022219328784e-09,6.811553371888250302e-09,6.794924743031712033e-09,6.775295422601796352e-09,6.752642879942942702e-09,6.721037203239416835e-09
6.789422905561539341e-09,6.786285948674474185e-09,6.781936145382625982e-09,6.777391808445313935e-09,6.771591748031553252e-09,6.764740031114882176e-09,6.756691163103809504e-09,6.747275370673541473e-09,6.736576079273497429e-09,6.725717970655274353e-09
3.903553493376482493e+02,3.903550194065857113e+02,3.903546524675734304e+02,3.903541242201402497e+02,3.903537713824794082e+02,3.903534345962257248e+02,3.903529787847577950e+02,3.903527096103772465e+02,3.903523526325440685e+02,3.903487616239837621e+02
8.671097575396617322e-06,9.125820608942105774e-06,9.806378072815669761e-06,1.069101937722477638e-05,1.207169597801528428e-05,1.428712227155553670e-05,1.827829308068418607e-05,2.730198977963182555e-05,6.429471096256737415e-05,1.395960064692465859e-05
-4.290014446026127068e-09,-3.685035054735576746e-09,-2.050961544812288188e-09,-5.797549740363431503e-09,-3.691944484331396936e-09,-1.999096897574780578e-09,-4.505306400485098123e-09,-5.311666559592444908e-09,-2.817051401929121196e-09,-9.910104925903509377e-09
6.153576827089090529e-09,6.153952743644967272e-09,6.154982641710448157e-09,6.156115424621405044e-09,6.157503008527552184e-09,6.159113376731186538e-09,6.160801032461076874e-09,6.162886170399103172e-09,6.165553632670661705e-09,6.169472207652744646e-09
5.310096671350749492e-09,5.310617199722731485e-09,5.312107085989882400e-09,5.313755761545853527e-09,5.315773195938203970e-09,5.318141852369021877e-09,5.320565080294384445e-09,5.323626385135665556e-09,5.327664460091442542e-09,5.332173217755842119e-09
3.114519446431825676e-08,3.109989745710623101e-08,3.109283832877742058e-08,3.110576036166207497e-08,3.109153952274793853e-08,3.109858484139115112e-08,3.111885857719380351e-08,3.113347136581731008e-08,3.115485634622890981e-08,3.203044100092482886e-08
6.199005959994312830e-04,6.125775483760529001e-04,6.051347986259118317e-04,5.978754391096079319e-04,5.911511844255385806e-04,5.854901171629936420e-04,5.816196842787508658e-04,5.806012601887944801e-04,5.839854831585601170e-04,2.710025759244035959e-06
-4.950148859351525763e-10,-4.874711303375253014e-10,-5.193358526637346832e-10,-4.801892120244622726e-10,-4.749001881103734118e-10,-4.695122446546218371e-10,-4.658520111415326740e-10,-4.572188332896645794e-10,-4.425958007162622137e-10,-3.522155621646759533e-10
-1.080450699381824051e-05,-1.067408868705490059e-05,-1.054039314289104374e-05,-1.040897189757057390e-05,-1.028439003958852625e-05,-1.017423519126486318e-05,-1.008652748535623450e-05,-1.002355912777934116e-05,-9.897790477576719740e-06,-9.155853282190446338e-09
-4.350877606334441011e-08,-4.577578532401203919e-08,-4.921175149313797044e-08,-5.359766595047630033e-08,-6.049849063158525414e-08,-7.157462382152853337e-08,-9.153513617689532264e-08,-1.366651751876118283e-07,-3.216417820243344285e-07,-1.845727487152110561e-08
2.361874158240446775e+00,2.334017339612662223e+00,2.305824741853703230e+00,2.278174240039052556e+00,2.252664383966193284e+00,2.231235031004242586e+00,2.216674990946945645e+00,2.213114918303160206e+00,2.227098316101678410e+00,2.415747463652309968e+00
1.735759357931013450e-05,1.826769161126429099e-05,1.962982757867784612e-05,2.140054462692939273e-05,2.416435831331792124e-05,2.859975140370661539e-05,3.659213237873731699e-05,5.467107675350621883e-05,1.289146035848149339e-04,1.462813056122933275e-01
3.958613435313642426e-09,3.958794685352599198e-09,3.959009744914398348e-09,3.959238893879584076e-09,3.959537965966744274e-09,3.959885554858461344e-09,3.960295271357135260e-09,3.960779674991127191e-09,3.961342154556706958e-09,3.961746186129164978e-09
2.361194789689700091e+00,2.333293301207505444e+00,2.304902807320478697e+00,2.277247556410913365e+00,2.251623561401721041e+00,2.230071345138162187e+00,2.215407463619119888e+00,2.211785295844975074e+00,2.225910614143549626e+00,2.416797345522772922e+00
8.864132581113732385e-14,1.580262809478832957e-13,1.525219648699430484e-13,1.474882862325993398e-13,1.437026687410268365e-13,1.363511870389375071e-13,1.271106353373156797e-13,1.151256335036978183e-13,1.015190443990946916e-13,4.684624424623802625e-14
9.005012903478902542e-02,8.898967579291222618e-02,8.791418529627784140e-02,8.686390643573131676e-02,8.589430605587163037e-02,8.508193852653740674e-02,8.453526774304168101e-02,8.441730237318657848e-02,8.501367088053403409e-02,2.300013177530420561e-01
4.836321918312306956e+00,4.779223651433559539e+00,4.721279223416885884e+00,4.664641955378743710e+00,4.612273691889564375e+00,4.568248594155449815e+00,4.538301288705956615e+00,4.530896558180062428e+00,4.559475291287344412e+00,4.521811477713468364e+00
-9.417901513438472705e+00,-9.306719813439734423e+00,-9.193893595454232681e+00,-9.083614997518074219e+00,-8.981654865410188648e+00,-8.895949664908378907e+00,-8.837674954015417583e+00,-8.823343566036978558e+00,-8.879336876554095426e+00,-9.514207905094279383e+00
3.050798295036165494e-04,3.016966440764521176e-04,2.983031201853594198e-04,2.950287015389632282e-04,2.920847443138432161e-04,2.897389363770382412e-04,2.883739143543072466e-04,2.885500434813966452e-04,2.910775231792286639e-04,4.854600364500246431e-05
-9.327851384333701645e+00,-9.217730138591452516e+00,-9.105979409245392731e+00,-8.996751092390706361e+00,-8.895760558984514788e+00,-8.810867727121454607e+00,-8.753139684978503254e+00,-8.738926263857312193e+00,-8.794323205413370204e+00,-9.284206587880197148e+00
-1.732687898062057197e-01,-1.712224847100503600e-01,-1.691454782366230980e-01,-1.671152709183723883e-01,-1.652374053414552291e-01,-1.636576367483541516e-01,-1.625806072807577385e-01,-1.623069056528386456e-01,-1.633007744730363420e-01,-1.526004961958238870e-01
1.195001007449211635e-07,1.251381734858172929e-07,1.145112258931832010e-07,1.305983272038944996e-07,1.327456054401648924e-07,1.343517431416418868e-07,1.363053423230964546e-07,1.389401016120733343e-07,1.560660452372596398e-07,8.695231982516191577e-07
3.332954244148004364e+02,3.332954283996932077e+02,3.332954096711507077e+02,3.332954091006587873e+02,3.332954202659279872e+02,3.332954229818417957e+02,3.332954228453129417e+02,3.332954250461673951e+02,3.332954182599590354e+02,3.332954177363741906e+02
-3.332954243933777434e+02,-3.332954283780543960e+02,-3.332954096494744931e+02,-3.332954090790620398e+02,-3.332954202444382759e+02,-3.332954229602713667e+02,-3.332954228236930021e+02,-3.332954250246236825e+02,-3.332954182384857518e+02,-3.332954177148221220e+02
-1.383737589942328657e-02,-1.367394551884093187e-02,-1.350805364826862184e-02,-1.334588046935379982e-02,-1.319584056242675829e-02,-1.306953944541724283e-02,-1.298322761580487927e-02,-1.296057573467399894e-02,-1.303620587280796862e-02,-1.107891304578742186e-05
3.947525361550828740e-09,3.947978776071997403e-09,3.948636327664566086e-09,3.949281024041453335e-09,3.950126862255587071e-09,3.951094782910277867e-09,3.952212298618216555e-09,3.953503525590175513e-09,3.954944910594128417e-09,3.960971250109781558e-09
3.946318522254348928e-09,3.946496981774804677e-09,3.947220384963007554e-09,3.948047781906640419e-09,3.948922977150108934e-09,3.950013272462638671e-09,3.951407640142448296e-09,3.952903894287917381e-09,3.954709791153978146e-09,3.961507498426309907e-09
-3.945975665593254430e-09,-3.946157912278797331e-09,-3.946890434955828327e-09,-3.947727795897237201e-09,-3.948618563331676872e-09,-3.949729093066089332e-09,-3.951149759758736763e-09,-3.952679415742697371e-09,-3.954525851214934669e-09,-3.963633355885216065e-09
-1.170305879647493884e-06,-1.204613231591511594e-06,-1.253522082152767474e-06,-1.305476166962219664e-06,-1.377993674509373116e-06,-1.472534338323749258e-06,-1.597904206006687529e-06,-1.768964354348480363e-06,-2.004604372605155087e-06,-7.497344761072653660e-06
8.208621215975450812e-07,8.264310124306865952e-07,8.333297735345531048e-07,8.404392384629802306e-07,8.502454598858683212e-07,8.623185229524703847e-07,8.764490824560773152e-07,8.934014596710406680e-07,9.144703339228564241e-07,1.163156831560886305e-06
7.256441445609767710e-09,7.225698961525453706e-09,7.280136608417911244e-09,7.203969849667359083e-09,7.200111572212501788e-09,7.198373161950296509e-09,7.195680374735579131e-09,7.191234428666634771e-09,7.131954803951794419e-09,6.635835290304859501e-09
8.719430329633097109e-07,8.788432098754099214e-07,8.876661273408610266e-07,8.960146045897471258e-07,9.081117849433343561e-07,9.231560361961423204e-07,9.409090626154941732e-07,9.623509894868667815e-07,9.886103560657024703e-07,1.135650405326371080e-06
1.095829013738446162e-07,1.150117709398239878e-07,1.064251778944517660e-07,1.213452637954568531e-07,1.243642682413558250e-07,1.271191527122221054e-07,1.305086151480879619e-07,1.349848233717129251e-07,1.541460666926515152e-07,1.410419218132949360e-06
1.091211231680406671e-07,1.144962624195503006e-07,1.059519583655526206e-07,1.207398656318895378e-07,1.237032719204083771e-07,1.263922068206695669e-07,1.296963565621808160e-07,1.340567793275196221e-07,1.528906921337780115e-07,1.536126057337059154e-06
1.412626112812416473e-08,1.436077424685802593e-08,1.399163945646415728e-08,1.457739724772087307e-08,1.470518558978534308e-08,1.474244401909798222e-08,1.483179831376247581e-08,1.477850377438657750e-08,1.550249737398485062e-08,1.830837065715645639e-08
5.536438078810190658e-04,5.472153272060792731e-04,5.407371171157850705e-04,5.343258254028937027e-04,5.284571335935127432e-04,5.235816099809630520e-04,5.203083636285299896e-04,5.195749809420708134e-04,5.227696462556159383e-04,4.336822560475161999e-06
2.964284575206024783e+02,2.964280307764686313e+02,2.964272103956739670e+02,2.964261849635752242e+02,2.964253229355289818e+02,2.964240193510162840e+02,2.964216110135211579e+02,2.964192110278054315e+02,2.964140869611694598e+02,2.960605603294929438e+02
-1.142963558968171540e-02,-1.129466163027173509e-02,-1.115766199721439367e-02,-1.102376092550387716e-02,-1.089990032111074099e-02,-1.079568799564931993e-02,-1.072458396052759257e-02,-1.070623359679284681e-02,-1.076951603838459046e-02,-3.558749767817849741e-05
-8.003268378800748370e-08,-7.710020392730815628e-08,-7.804562127982572287e-08,-7.810550799475425885e-08,-7.615818161920581472e-08,-7.468728920882831196e-08,-7.944946261472989383e-08,-7.750561702157736328e-08,-7.801649848347067846e-08,-8.025479770898819386e-08
2.044124167224790553e-02,2.020017527433000740e-02,1.995545728898377030e-02,1.971626909228066729e-02,1.949509239194995372e-02,1.930914697753991285e-02,1.918249518147820826e-02,1.915024897029757658e-02,1.926421211772653269e-02,1.022618295176340957e-04
3.982761654068168670e-09,3.982457656680643974e-09,3.982237968084023826e-09,3.981606055985972582e-09,3.981053874292999232e-09,3.980531003812204555e-09,3.979889911614997569e-09,3.979118779555280975e-09,3.978184184767789245e-09,3.861826973692331634e-09
-2.965017149339240063e+02,-2.965004304133732944e+02,-2.964987418088246045e+02,-2.964968703292799432e+02,-2.964952308369751108e+02,-2.964932821877075071e+02,-2.964904540786595248e+02,-2.964880089687121085e+02,-2.964835635467906059e+02,-2.965441051916374704e+02
-8.348639134762898817e-02,-8.250014320402582202e-02,-8.149897872232887697e-02,-8.052022206334542853e-02,-7.961457020566725662e-02,-7.885203447192123960e-02,-7.833060721785160829e-02,-7.819302354783486120e-02,-7.864806530632788284e-02,-2.584167648431838369e-05
9.265178917643822386e-08,9.323740354974427062e-08,9.348734045720957597e-08,9.363112518560707719e-08,9.397717994669596468e-08,9.433039738435121444e-08,9.473735821544801642e-08,9.528910436726140963e-08,9.574723909832376692e-08,9.642162823376358563e-08
6.199330518826982536e-04,6.126088067038216360e-04,6.051711139048793946e-04,5.979050012646552935e-04,5.911794377571725784e-04,5.855168369852341683e-04,5.816449032969414536e-04,5.806240229868437274e-04,5.840047562973998702e-04,1.513084244405499007e-06
1.364202248267329344e-03,1.348110777987718972e-03,1.331693007705248228e-03,1.315770067758554587e-03,1.300971797267791658e-03,1.288506990132307550e-03,1.279981399466020506e-03,1.277728683599983588e-03,1.285220417570341481e-03,5.118773785981732046e-07
1.611150536331880446e-05,1.695542221735414355e-05,1.821853707469098889e-05,1.986048907975574877e-05,2.242332149189335064e-05,2.653619155576862745e-05,3.394739771586626132e-05,5.071195875085344378e-05,1.195609412859685225e-04,1.383533918055551426e-01
1.148377773019825427e-07,1.107223044328539478e-07,1.120472375846612064e-07,1.117157893857372903e-07,1.113597587774706525e-07,1.115647437322587794e-07,1.147681171444728908e-07,1.160519981565214235e-07,1.161183412729484271e-07,1.237530669650132657e-07
-5.607318915241069582e-06,-5.787788731790400936e-06,-6.040117230376642539e-06,-6.316378773303980822e-06,-6.705440574131010804e-06,-7.222064279187036286e-06,-7.922803223551433825e-06,-8.917001417338674986e-06,-1.036866520168342240e-05,-1.472066371657868235e-05
2.085626898740885987e-08,2.086198488052415683e-08,2.086587934592447132e-08,2.087225377386143483e-08,2.087889292005075398e-08,2.088636864062023683e-08,2.089464825587365802e-08,2.090469046465340431e-08,2.091641189257515479e-08,2.092226720773817155e-08
-5.893970070827287079e-09,-5.895914757342447642e-09,-5.899291462396460206e-09,-5.902399993389595862e-09,-5.906663487954869541e-09,-5.911843087151293410e-09,-5.917880610005969212e-09,-5.924955047073373630e-09,-5.933123119594102600e-09,-5.944935073417745793e-09
3.618776239671157580e-01,3.576114418448439469e-01,3.532837073717647880e-01,3.490568346709530534e-01,3.451539892289902101e-01,3.418839939487841040e-01,3.396855990200332021e-01,3.392258608962504529e-01,3.417480340803658034e-01,1.310396816467789272e+00
3.590929280650421053e-06,3.775150499946979430e-06,4.047973191959957564e-06,4.400907155530499582e-06,4.955008909288965307e-06,5.845262684033481009e-06,7.442399720546242159e-06,1.106920564514886930e-05,2.598295674371482421e-05,3.861237200573523965e-05
2.606662186606247220e-07,2.601543267387242003e-07,2.596957567461329398e-07,2.585329484494108263e-07,2.578163579737834689e-07,2.581187257628908831e-07,2.586949273091574185e-07,2.592924451322851749e-07,2.605092758406100141e-07,2.189855098038090068e-07
1.123729849233569996e-07,1.082676607745205192e-07,1.096165319696380158e-07,1.091184377055370812e-07,1.088571877646989460e-07,1.091023691943991254e-07,1.121661827076850145e-07,1.135732908270169503e-07,1.135672410297243063e-07,1.210937876127863899e-07
8.673963646726821959e-06,9.129032813649594320e-06,9.810132378065019760e-06,1.069553522486085589e-05,1.207751813297094212e-05,1.429535500499649551e-05,1.829185586418085522e-05,2.733230353932947999e-05,6.446205022752207281e-05,7.877305284822658238e-02
-1.128793661147382080e-05,-1.187440812106412325e-05,-1.278626994670431035e-05,-1.398069742454776668e-05,-1.585710803998795066e-05,-1.890068663762312472e-05,-2.447556111189993014e-05,-3.744654671235147012e-05,-9.421443991041826289e-05,-2.003235970079743911e-01
1.140177741631702926e-07,1.099048191704837067e-07,1.112368292675381296e-07,1.108521664393068343e-07,1.105258900223382353e-07,1.107440694617908098e-07,1.139034525610962859e-07,1.152239032956709641e-07,1.152688579166790225e-07,1.228673100133035496e-07
8.666805400984635009e-06,9.121009879450820101e-06,9.800755425019457004e-06,1.068425582429968468e-05,1.206297497809112977e-05,1.427478874390893203e-05,1.825796946600355704e-05,2.725653985333537283e-05,6.404326506435858806e-05,6.997250719108380797e-06
1.053235024180088769e-02,1.040740506053329170e-02,1.028036222591325634e-02,1.015595017374236984e-02,1.004028908485694871e-02,9.941882164523688920e-03,9.872172153832551103e-03,9.845949335621901471e-03,9.866818764899100078e-03,6.997855820188778856e-06
1.383737589911488049e-02,1.367394551865471972e-02,1.350805364808827305e-02,1.334588046926921991e-02,1.319584056212383047e-02,1.306953944509484621e-02,1.298322761547530436e-02,1.296057573441721476e-02,1.303620587253092288e-02,1.107891429760297778e-05
3.037082449959374819e-08,3.027085457198717470e-08,3.021924450592961543e-08,3.001321833918649096e-08,2.988257231579164349e-08,2.987027012537740872e-08,2.988113930153194620e-08,2.988468365821640670e-08,2.991410448964225707e-08,2.466733948461127993e-08
1.063843783767068485e-08,1.060681869714523632e-08,1.058990947143286108e-08,1.052515506707530632e-08,1.048340562010895480e-08,1.047783010767795003e-08,1.047897264438473350e-08,1.047759719431111024e-08,1.048282197294150914e-08,8.895428057655205389e-09
1.012847143707614264e-02,1.000890783712315817e-02,9.887561422132071925e-03,9.768962122428776276e-03,9.659290671768860220e-03,9.567072412064671696e-03,9.504290045571227655e-03,9.488472141433161589e-03,9.545790408204054070e-03,4.313574033065205418e-05
1.012847731031280701e-02,1.000890783893637788e-02,9.887561423619023113e-03,9.768962124657184706e-03,9.659290673124754784e-03,9.567072413285618651e-03,9.504290046723914975e-03,9.488472148514649762e-03,9.545790408962681606e-03,4.313573989559327265e-05
2.936159069172581109e-03,2.901578194735819627e-03,2.866244956459890018e-03,2.832077250494024079e-03,2.800294813201703505e-03,2.773552227266321956e-03,2.755321576274633727e-03,2.750653233414254543e-03,2.767139495458760881e-03,1.681403874418722585e-05
6.851428775772817198e-03,6.770511256429647372e-03,6.688378039404189145e-03,6.608091752799380089e-03,6.533822176455964317e-03,6.471323943439907106e-03,6.428661742281164063e-03,6.417605862149048171e-03,6.455474546808006968e-03,3.310816867745197917e-05
1.012843303474944556e-02,1.000886393073567755e-02,9.887517310782203972e-03,9.768917967778565845e-03,9.659246558024315796e-03,9.567028159747810456e-03,9.504245744835994672e-03,9.488427740665173957e-03,9.545745682354545708e-03,4.309096161707081155e-05
6.851428774682829723e-03,6.770511254981227862e-03,6.688378038330977313e-03,6.608091751563757374e-03,6.533822175427844887e-03,6.471323942385747742e-03,6.428661741571395881e-03,6.417605861722001752e-03,6.455474546242357878e-03,3.310816923703826489e-05
1.012847730972571761e-02,1.000890783830598110e-02,9.887561423042593584e-03,9.768962124184880219e-03,9.659290672708603295e-03,9.567072412795332020e-03,9.504290046346956095e-03,9.488472148149513022e-03,9.545790408709857802e-03,4.313574016990662056e-05
6.851428777125644770e-03,6.770511257768243273e-03,6.688378040701566281e-03,6.608091754044484803e-03,6.533822177621017614e-03,6.471323944496368448e-03,6.428661743190106255e-03,6.417605862862741165e-03,6.455474547278946228e-03,3.310816829411051540e-05
1.301848551461619839e-05,1.370270718230836755e-05,1.472647728003627092e-05,1.605718421551532827e-05,1.813433842509121032e-05,2.146880915363288251e-05,2.748146028156625215e-05,4.109815566338856325e-05,9.725216019898264312e-05,3.159505451476169458e-01
3.951864496603341041e-09,3.952146598687661412e-09,3.952634888549123857e-09,3.953097103071348326e-09,3.953718728634104158e-09,3.954431326182998940e-09,3.955257494394077748e-09,3.956217555445630919e-09,3.957298580450129206e-09,3.960267069731080265e-09
-1.844485963719085962e-06,-1.895835845795030448e-06,-1.968855594136910562e-06,-2.044950181675722994e-06,-2.150542375997613884e-06,-2.286377137491567319e-06,-2.463453095105359044e-06,-2.699696898499382817e-06,-3.014506137313837382e-06,-5.922509156218756649e-06
1.301886156362248748e-05,1.370262273526877106e-05,1.472608482164151927e-05,1.605673607777672354e-05,1.813407976569541142e-05,2.146889968999356161e-05,2.748148784866455175e-05,4.109825186106424300e-05,9.725277626730982812e-05,3.159505451649760044e-01
3.138036071534060917e-02,3.101214411917485939e-02,3.063904648533097644e-02,3.027562161986569259e-02,2.994154651254004457e-02,2.966471828902655233e-02,2.948586087477204562e-02,2.947196597765189274e-02,2.979409349221832232e-02,2.833757983757373422e-01
3.486961932193065574e-08,3.438903257150507536e-08,3.456631197909830412e-08,3.415221025121029961e-08,3.439829896230199208e-08,3.597939482002801551e-08,3.417969966833560976e-08,3.495159851322928512e-08,3.525863566685766173e-08,3.511388125041898881e-08
2.731380721494355152e-02,2.699123792886495149e-02,2.666381841631052310e-02,2.634374686231111956e-02,2.604764044349730523e-02,2.579841209757943038e-02,2.562815208698282499e-02,2.558361104972787722e-02,2.573319137351548144e-02,4.198186879115108473e-05
3.567369057180647161e-08,3.563748979749806721e-08,3.559524782272369535e-08,3.553292073579385623e-08,3.546588628108528104e-08,3.539140785206870679e-08,3.530278695418878897e-08,3.519745800027512808e-08,3.507123155010667358e-08,3.387768771294502129e-08
1.080436871583802250e-03,1.067395759082253931e-03,1.054022975951660794e-03,1.040884703756590713e-03,1.028426979826322545e-03,1.017411959309873042e-03,1.008641466121463267e-03,1.002345388352605471e-03,9.897698594091505504e-04,9.142414597155938797e-07
4.337049808312665682e-06,4.564468909168384077e-06,4.904836811870199138e-06,5.347280594584998375e-06,6.037824930626210227e-06,7.145902565539151232e-06,9.142231203528673189e-06,1.365599309343277246e-05,3.215498985392428825e-05,1.844383618648659046e-06
1.260620535634901724e-03,1.245746238038656110e-03,1.230572002965055374e-03,1.215867452680572747e-03,1.202202754375940276e-03,1.190699443702962100e-03,1.182838137727033195e-03,1.180780345457816630e-03,1.187703240240337195e-03,-9.059859999597031723e-07
-2.052794358914624833e-07,-2.169588264453317094e-07,-1.956189735879627398e-07,-2.301892878450277353e-07,-2.365051718010798986e-07,-2.428305433458154636e-07,-2.518154482078850124e-07,-2.625954820472661372e-07,-2.986280084744029787e-07,2.032879916183152388e-07
9.005012910669786541e-02,8.898967485266065514e-02,8.791418620816222884e-02,8.686390512578856526e-02,8.589430642963202800e-02,8.508193778680690766e-02,8.453526903484977206e-02,8.441730217806442393e-02,8.501367113619665017e-02,2.300013172049092391e-01
1.157797385233061309e-08,1.151582703064483623e-08,1.150406205636545499e-08,1.149253742304958019e-08,1.146185928079930841e-08,1.146659065659214352e-08,1.147416077247908462e-08,1.147201223809807191e-08,1.147361555020226526e-08,1.120510361835751513e-08
3.068286648182751989e-08,3.058867870706523942e-08,3.048967580904540159e-08,3.046926017606511203e-08,3.038619974458597209e-08,3.039141857090084655e-08,3.036758312417389230e-08,3.035610733492101785e-08,3.037133265127554768e-08,2.384055665596326414e-08
9.005012910549127503e-02,8.898967484945524697e-02,8.791418620862724576e-02,8.686390512749678217e-02,8.589430642669063087e-02,8.508193778734988999e-02,8.453526903736985343e-02,8.441730217947196468e-02,8.501367114140910564e-02,2.300013172066462663e-01
2.085136297917052726e-10,2.159338661919637724e-10,1.813948047244257690e-10,2.217396217083860083e-10,2.262344727342614499e-10,2.307544410197920565e-10,2.332997845103814397e-10,2.412713880010208806e-10,2.557816370381555177e-10,-8.512652821733184624e-09
1.080627328692101118e-05,1.067598673805520866e-05,1.054201139157898467e-05,1.041101534085870770e-05,1.028650642559115913e-05,1.017642473889468558e-05,1.008881308761168189e-05,1.002596913515452398e-05,9.900589943497785343e-06,-1.741895017890598755e-09
4.322227480720057721e-08,4.550424805995320509e-08,4.887381044519896570e-08,5.333921636021361330e-08,6.024982491618830074e-08,7.133586601787274058e-08,9.130258395025512494e-08,1.364492277423255494e-07,3.214549678608248422e-07,9.592406487623324651e-09
7.288459842711681875e-12,1.569924447176029444e-11,-1.559186069141655294e-11,2.408872074165044940e-11,2.991854592158316090e-11,3.511951614640772018e-11,3.942199174869618799e-11,4.600543168061199874e-11,6.459049368633853449e-11,-4.476964702526069451e-09
-3.884740854616962180e-09,-3.893538608513587862e-09,-3.978529042158862171e-09,-3.949260681027890403e-09,-3.995568493063551681e-09,-4.057531366972851330e-09,-4.130222521835381316e-09,-4.215363569668665971e-09,-4.256110806529547805e-09,1.910836406767655606e-09
1.116040998018756486e-07,1.082160344099638922e-07,1.095185049774719616e-07,1.090961392086455637e-07,1.086056107783049599e-07,1.088465513284068838e-07,1.118895108407867549e-07,1.122127146489276856e-07,1.125451052393020310e-07,1.197501216585732375e-07
2.832574588632846643e-08,2.748065117890589617e-08,2.761103166879396956e-08,2.678730060794743564e-08,2.731875358507283980e-08,2.744054176804640687e-08,2.653912958845414872e-08,2.800724231838812251e-08,2.737973180508596122e-08,2.798123733432968164e-08
-3.871717066577561228e-09,-3.875543345905052584e-09,-3.880770596607713919e-09,-3.886072575566045066e-09,-3.892821629704671941e-09,-3.900766926575694917e-09,-3.910001933865913024e-09,-3.920690115346889179e-09,-3.932592878786799808e-09,-3.966346850784514934e-09
-8.426187253754328715e-06,-8.878765228462520736e-06,-9.557374404713621100e-06,-1.044277460421620091e-05,-1.183101997890925275e-05,-1.407518077905889778e-05,-1.816684805807085591e-05,-2.761680602714061548e-05,-6.758314157408770555e-05,-9.792625797811922717e-02
-4.897914389694957952e-11,1.012038296176922494e-12,9.709809810336407018e-13,9.444535742586966519e-13,8.814752474270949738e-13,7.983177174108006174e-13,6.872651146430451973e-13,6.268899427697862641e-13,3.505136557830166373e-13,-7.635621771028530534e-12
6.500987603257670514e-07,6.892887033900730787e-07,7.484940810525574760e-07,8.268735759203151045e-07,9.517691570250935277e-07,1.158586360499607433e-06,1.548102705888081240e-06,2.477424889132716257e-06,5.360055841348693761e-06,-4.601181411846026748e-02
-1.568466529642300851e-05,-1.650261045227765442e-05,-1.776026729227572147e-05,-1.940036214034852535e-05,-2.196938388712393509e-05,-2.611519441528252787e-05,-3.364780179462144468e-05,-5.088273676903255462e-05,-1.199667145426403441e-04,-6.170933798976945689e-02
2.104432941613952674e-08,-1.221478813126412289e-12,-1.190505291940397464e-12,-1.141132289480099249e-12,-9.485963430472152818e-13,-9.703442406472207931e-13,-8.406930493037005942e-13,-2.232226331463608663e-10,-4.505343237205253411e-13,-2.121309646281105857e-10
8.916521960184281469e-06,9.401513786903537177e-06,1.012914817493682583e-05,1.107936184495255741e-05,1.257072668128140922e-05,1.498466609525093119e-05,1.938972467519993099e-05,2.952165928262527896e-05,6.899560462418021683e-05,8.601026798493677393e-06
-3.900968303428114495e-06,-4.106495723481424127e-06,-4.414349258584196917e-06,-4.815728830496808628e-06,-5.443214227923302205e-06,-6.452922296010257641e-06,-8.278750023595758841e-06,-1.242565924606507507e-05,-2.938594482520898719e-05,-3.632974591564853278e-02
5.327459164903474054e-06,5.606032877892468563e-06,6.022867895241049139e-06,6.564465310344946702e-06,7.409305440755574333e-06,8.763745079177282505e-06,1.120016359107670952e-05,1.669185557909158980e-05,3.897743260348392891e-05,4.602040389664159570e-02
8.878795758794555531e-06,9.343314796945638453e-06,1.003834787384417634e-05,1.094105195592975974e-05,1.234910329716997966e-05,1.460624003299665663e-05,1.866669304148575560e-05,2.782613326105852714e-05,6.523840809488167349e-05,7.524826335636716768e-02
4.978169958731316919e-09,3.777935410424552837e-09,5.148374404612413103e-09,4.443237796219817868e-09,4.670233991393135211e-09,4.784383507748038520e-09,5.070567520646094555e-09,3.886213935716534263e-09,4.776280720006580092e-09,1.915892732428693072e-08
1.735864035048447252e-05,1.826855563356545906e-05,1.963098276323702778e-05,2.140149576539017703e-05,2.416534787632133649e-05,2.860076859108044264e-05,3.659320729556581763e-05,5.467200838273481494e-05,1.289155834357569362e-04,1.462813140139213042e-01
3.274446610006237349e-09,2.209996551884455735e-09,3.104119884775228179e-09,2.863171545322416293e-09,3.049596566749247316e-09,3.106717298258806077e-09,3.312716540977914846e-09,2.100666943958676268e-09,3.245876590936075086e-09,-4.885299843380836247e-09
3.274446986396589112e-09,2.209996717767430312e-09,3.104119831987342881e-09,2.863172005159374012e-09,3.049596740538839358e-09,3.106717265931554177e-09,3.312716649427377893e-09,2.100667106284081447e-09,3.245876714080824817e-09,-4.885299694475120876e-09
-3.928573060976335333e-10,-1.606830435237343033e-10,-2.651389243153966788e-10,-3.209421873598835705e-10,-3.574012854141783929e-10,-3.574180091805855472e-10,-3.888651636105950045e-10,-7.891287420453744793e-11,-4.289936756884415037e-10,7.232841237958539919e-09
-7.856436900482835516e-10,-3.212961688012886471e-10,-5.302098576916958068e-10,-6.418173127590197532e-10,-7.147382036356426331e-10,-7.147747961272980364e-10,-7.776725169709143524e-10,-1.577720420698741607e-10,-8.579384659514472564e-10,1.446569134902055894e-08
9.273232443323980334e+00,9.163756791767660559e+00,9.052661582189676537e+00,8.944074294202872366e+00,8.843677355618154934e+00,8.759285198282906748e+00,8.701901672662083698e+00,8.687786374064733863e+00,8.742921284718716990e+00,9.362895676987713856e+00
7.845088372572850318e-06,8.270148368062956503e-06,8.907373017035263992e-06,9.737116068536197868e-06,1.103740664646153232e-05,1.313637073412459183e-05,1.695114560514477016e-05,2.565252194595982885e-05,5.748295285483336216e-05,-7.960651848084868143e-02
6.509235085962560172e-06,6.851091960872627731e-06,7.362785825348070169e-06,8.028059252245301849e-06,9.066641465643427935e-06,1.073388587319551611e-05,1.373981330929715275e-05,2.054703902623685060e-05,4.861471829660753613e-05,5.301943580128416766e-02
8.820999945290123989e+00,8.716869294111505795e+00,8.611197802720194971e+00,8.507917628408801392e+00,8.412429393392171662e+00,8.332169943457259365e+00,8.277611813744039537e+00,8.264241167893304763e+00,8.316917633585562797e+00,9.513300501774851980e+00
4.008198746847449134e-09,4.007556298701416832e-09,4.006649458438074231e-09,4.006005343511491537e-09,4.005187883383399455e-09,4.004373154142185157e-09,4.003594814723664880e-09,4.002893934555169431e-09,4.002436572747213129e-09,3.996240094263885722e-09
-6.715796381876315557e-02,-6.636762485837499614e-02,-6.557366122853351686e-02,-6.479047817150201949e-02,-6.407517869076842509e-02,-6.348197864454335759e-02,-6.309693699907720221e-02,-6.306092777143187944e-02,-6.372333096696636279e-02,-1.067686416795842197e+00
-3.867741096486523696e-08,1.917961821072029490e-09,6.469730783069192361e-10,1.412561905525940084e-09,1.622754355941703012e-09,1.255189994182794527e-09,1.890776853096407715e-09,2.181913218542402956e-09,1.390016054696536620e-09,3.772048193370222935e-09
7.344546464762309678e-08,7.263506355516323937e-08,7.290088684515814124e-08,7.287171581892936431e-08,7.311364777691091980e-08,7.700161714665121202e-08,7.340341627004295690e-08,7.388966936108518127e-08,7.558852457906353601e-08,7.449390743684960471e-08
2.943708277912731559e-08,2.944296731108137686e-08,2.985573126852640785e-08,2.918845934266432383e-08,2.966232920182532315e-08,3.116492835077274647e-08,2.993826365842772171e-08,3.000986639093041373e-08,2.944765659108985175e-08,2.995006706569621787e-08
6.919733481788705119e-09,6.923510954459506151e-09,6.922885206805505226e-09,6.923772099309946716e-09,6.923842198336349357e-09,6.924319529716591488e-09,6.924878470021372470e-09,6.925494627504621897e-09,6.925904277500001156e-09,6.926264948331748295e-09
2.469320058977801226e-08,2.263601414369051316e-08,2.254404591635820102e-08,2.272613775552211339e-08,2.279386701763562577e-08,2.286318798072689160e-08,2.293523190541178883e-08,2.319017848749525279e-08,2.321455917302735897e-08,2.328965944147813079e-08
2.884637240057973974e-08,3.629139764424207092e-08,3.687412541053969063e-08,3.624929770779306688e-08,3.653765968921403306e-08,3.677473855666861623e-08,3.672967341917250850e-08,3.675980065313413747e-08,3.712263926213728989e-08,3.774173962522661758e-08
1.715183931406129854e-07,1.738018459625568100e-07,1.743129700263313204e-07,1.744578291296206856e-07,1.751291058793046277e-07,1.757857154918836081e-07,1.764738206091267022e-07,1.773969715794096956e-07,1.782802427727859401e-07,1.796045179941649466e-07
8.292730471112282130e-08,8.438404660947875006e-08,8.465113967057112533e-08,8.468472766797095904e-08,8.501877836117464079e-08,8.534044218520936267e-08,8.565608716003633457e-08,8.608871560790402788e-08,8.652484708866373268e-08,8.718544375757177758e-08
2.603738346069269473e-05,2.740253108736108974e-05,2.944573572291515025e-05,3.210181239610466228e-05,3.624753430728201947e-05,4.290062574475172216e-05,5.488919951993688370e-05,8.200761901563944961e-05,1.933729130033976342e-04,2.194219266882709574e-01
-1.181034166018154953e-08,-1.070395310212621254e-08,-1.064462897497522673e-08,-1.078402877824007934e-08,-1.077861183396636242e-08,-1.078856665053197460e-08,-1.087480966971992076e-08,-1.092437313049406347e-08,-1.095128108499385697e-08,-1.094183236610937383e-08
3.763506742783177962e-08,4.366773850290188394e-08,4.416829509553120830e-08,4.371192942178566284e-08,4.399197960031162333e-08,4.423171305588004048e-08,4.428785951022731318e-08,4.436698231855155231e-08,4.474082304216228577e-08,4.534784578234530945e-08
3.988899066875010847e-09,3.989793577017673461e-09,3.990857474735049532e-09,3.992548744247691562e-09,3.994673781490898037e-09,3.997440158749462240e-09,4.000984509195500268e-09,4.005473185672398417e-09,4.011186290827543225e-09,4.016615067130962811e-09
1.889775135468252398e-04,1.869389773439039594e-04,1.849463338356150365e-04,1.830755866509167469e-04,1.815425122178240412e-04,1.806241572926011959e-04,1.808752480438712419e-04,1.837791518674668342e-04,1.973768191960568032e-04,4.334117222805626313e-06
2.884092024767702806e-09,2.896435213883134392e-09,2.860123888694486071e-09,2.870607321387243853e-09,2.975930117931978362e-09,2.825676044968126423e-09,2.796929851223619879e-09,2.562905966447195401e-09,2.669597897528514318e-09,2.994978633385509450e-09
1.284543799044584374e-04,1.272319336227907603e-04,1.261086200094025625e-04,1.251299037259495173e-04,1.245303371321632255e-04,1.246045717236714452e-04,1.260324951234856024e-04,1.308939333210015472e-04,1.513066615596267460e-04,4.330269487750145747e-06
6.268632114118554173e-10,6.223776831828536646e-10,6.336019988808032078e-10,6.295517987593146089e-10,5.968501706860279218e-10,6.423248409655387326e-10,6.504762187517111739e-10,7.300823430519439853e-10,6.868728161763082734e-10,6.021199991170246955e-10
8.440293434403906819e-06,8.866650198138667903e-06,9.502642634985417533e-06,1.032438813183338473e-05,1.159649776615834307e-05,1.360958272849909905e-05,1.714581180957185585e-05,2.469072128980154328e-05,4.847761672160553689e-05,2.875356236017112704e-06
5.825687329006775770e-10,5.803921320624603708e-10,5.946074685671752969e-10,5.939330187163627687e-10,5.655211414632016868e-10,6.160211413783951820e-10,6.301933664959063723e-10,7.167194198178111783e-10,6.812090158765212374e-10,5.558951755973655667e-10
2.943514645050209692e-04,2.898718139207882198e-04,2.849313406139935396e-04,2.797080532307977935e-04,2.738689109429030604e-04,2.670749351761042101e-04,2.580454615969987294e-04,2.418111890164304433e-04,1.875822366348051963e-04,2.875402958474551018e-06
6.286224734987084538e-10,6.241460900510509146e-10,6.353755546824297308e-10,6.313250713371666086e-10,5.986062103785314299e-10,6.440466374762121750e-10,6.521113161144073969e-10,7.315031300918053557e-10,6.873903989679021045e-10,5.558986277186127210e-10
1.889775135467054083e-04,1.869389773438042128e-04,1.849463338354929282e-04,1.830755866507975931e-04,1.815425122177079232e-04,1.806241572924892249e-04,1.808752480436998024e-04,1.837791518671713349e-04,1.973768191957111866e-04,4.334117222812242487e-06
1.284543799009428306e-04,1.272319336192843421e-04,1.261086200060124521e-04,1.251299037227420949e-04,1.245303371290921144e-04,1.246045717207845671e-04,1.260324951206037930e-04,1.308939333181491469e-04,1.513066615568589134e-04,4.330269487703425104e-06
8.440293472520601204e-06,8.866650240198546297e-06,9.502642683291825099e-06,1.032438818884135160e-05,1.159649783806454036e-05,1.360958282751195832e-05,1.714581196667760922e-05,2.469072161548122222e-05,4.847761797649963406e-05,2.875311855668430269e-06
2.943514182383987626e-04,2.898717690529349720e-04,2.849312972604396113e-04,2.797080114553594874e-04,2.738688709001860342e-04,2.670748970906630508e-04,2.580454260432496027e-04,2.418111577981652200e-04,1.875822178450439455e-04,2.875354647717069239e-06
-2.979732158775659501e-02,-2.944530259444386525e-02,-2.908780129569226228e-02,-2.873855567158667065e-02,-2.841527453018782498e-02,-2.814308808255587199e-02,-2.795701986704986555e-02,-2.790811580433893296e-02,-2.807134305555466364e-02,-3.884741355115563704e-05
-3.010222910969144461e-02,-2.974682483102778635e-02,-2.938592951079957438e-02,-2.903340930188953381e-02,-2.870718353457995045e-02,-2.843265062461742404e-02,-2.824521668837350757e-02,-2.819648783283624713e-02,-2.836224168041219518e-02,-8.721319807936013123e-05
2.957445139560872793e-02,2.922508414285483400e-02,2.887043678250173634e-02,2.852373626477219121e-02,2.820294376904626879e-02,2.793286625760020916e-02,2.774823118800188310e-02,2.769962506478727132e-02,2.786105308790501334e-02,2.151156684788079284e-05
2.957445070356702621e-02,2.922508274479593271e-02,2.887043698400018274e-02,2.852373762979804050e-02,2.820294305397925624e-02,2.793286576164239268e-02,2.774822829370959809e-02,2.769962504302506123e-02,2.786105397079861185e-02,2.151086664483786622e-05
8.674005162836165693e-06,9.129079343403741329e-06,9.810186732058168556e-06,1.069560067495390250e-05,1.207760249288235796e-05,1.429547431318430766e-05,1.829205229388914257e-05,2.733274217341651960e-05,6.446446334163793686e-05,7.746433926239117140e-02
1.447201353469923741e-06,1.559390796929328675e-06,1.242245693547776621e-06,1.581087992181275480e-06,1.559109878484633154e-06,1.512216979026683838e-06,1.464957786823637182e-06,1.424247019572291085e-06,1.662109008962494126e-06,2.888961209445097438e-08
1.735211835049076340e-05,1.826229140698295463e-05,1.962443092135607013e-05,2.139514262104513570e-05,2.415897267307907871e-05,2.859434204719605227e-05,3.658670970192487806e-05,5.466565523335397640e-05,1.289091497621111277e-04,1.462812996816743316e-01
1.734976993760680339e-05,1.825996290110423130e-05,1.962211459330143746e-05,2.139283810242612779e-05,2.415668960694566494e-05,2.859206627486959501e-05,3.658443703673425646e-05,5.466339024742310974e-05,1.289068998328045704e-04,1.462812982573937215e-01
2.384302919670233924e-05,2.523052754025250353e-05,2.729998285524338697e-05,3.001674293494577009e-05,3.423659694485357635e-05,4.098465764652108181e-05,5.308938275983908196e-05,8.034919073557026802e-05,1.918849125530706196e-04,2.353776636643115650e-01
1.749586352746528928e-08,1.749842735588377738e-08,1.750155805375876733e-08,1.750520080477277066e-08,1.750971279374671348e-08,1.751487958901796936e-08,1.752092453271424143e-08,1.752803669281003690e-08,1.753635235124333979e-08,1.754869663803528632e-08
3.190274236302438604e-05,3.309819614950781707e-05,3.493082847091266057e-05,3.727975601939273942e-05,4.107479022512678957e-05,4.732798820475168737e-05,5.888286490719537984e-05,8.555375458819386284e-05,1.964878421717649877e-04,2.353814401131980039e-01
-8.060282127046821231e-06,-7.869418346653124919e-06,-7.631260746285606602e-06,-7.264863366193230224e-06,-6.840927637358771179e-06,-6.345585070106063046e-06,-5.794064233162170697e-06,-5.207688763443668367e-06,-4.603785205900974847e-06,-3.778114899348445880e-06
1.170219692186006689e-08,9.942733714440415788e-09,1.096274879598883871e-08,1.066878258370173908e-08,9.422937947465432886e-09,9.732578724814524927e-09,9.986054447531487121e-09,1.092477077705924416e-08,1.163126897495692972e-08,1.069353050847383066e-08
7.007647359929001845e-04,6.935813483028509425e-04,6.867043368787653385e-04,6.803418084211415497e-04,6.754395563364766790e-04,6.730752352819216336e-04,6.754429163634043760e-04,6.882733420963927599e-04,7.445746670960196089e-04,1.153806812293272852e-04
4.332564631687777151e-06,4.560170497472101436e-06,4.900830347133085624e-06,5.343686038025769855e-06,6.034943381203465939e-06,7.144353001372442743e-06,9.143688437213627317e-06,1.366732194620688968e-05,3.226011266516814216e-05,7.657532125927352107e-02
6.088810292061536950e-08,6.060585901871085019e-08,6.059453154675272684e-08,6.036383995069969042e-08,6.022815018388169751e-08,6.029492981807735636e-08,6.027048484750881281e-08,6.028621774987471563e-08,6.029042791370435943e-08,5.775765619984604484e-08
3.953484704502433130e-09,3.953817191590999185e-09,3.954296767291431172e-09,3.954771371351848956e-09,3.955398789852966575e-09,3.956134056897498183e-09,3.956995515429745414e-09,3.958003274329908007e-09,3.959144616742697106e-09,3.960319828452607391e-09
1.287186485324352647e+00,1.287184808723361051e+00,1.286618702581735496e+00,1.286782873020371643e+00,1.286561028799420248e+00,1.286335315803195822e+00,1.286232742286371078e+00,1.286186608252662733e+00,1.286655245256484559e+00,1.354717169275767574e+00
-2.352122076649725445e-06,-2.434276759165362225e-06,-2.552706398915546322e-06,-2.687078205456048572e-06,-2.879430092942209605e-06,-3.143541990860678346e-06,-3.518714144361435243e-06,-4.081601867851021748e-06,-4.979047106086261502e-06,-6.917821872249677152e-06
-7.488661584283596238e-09,-4.604503764772279755e-09,-4.500221626265086407e-09,-4.483326126496345400e-09,-4.511495131491429807e-09,-4.511730163378931866e-09,-4.560746125685702948e-09,-4.549867995077927432e-09,-4.725457603513972840e-09,-3.935427013596666962e-09
2.731380684129836381e-02,2.699123857221280912e-02,2.666381706050797301e-02,2.634374694587249613e-02,2.604764159364869949e-02,2.579841094771340160e-02,2.562814968822676662e-02,2.558361090365224993e-02,2.573319030831007492e-02,4.198102477087677304e-05
2.731380721451989041e-02,2.699123792906796271e-02,2.666381841588623056e-02,2.634374686189266263e-02,2.604764044258147185e-02,2.579841209701463217e-02,2.562815208596400107e-02,2.558361104959745030e-02,2.573319137372786711e-02,4.198186936924258735e-05
4.342286462370227014e+02,4.342287129562097334e+02,4.342287504698857674e+02,4.342288708382890832e+02,4.342289396031153501e+02,4.342290161492626339e+02,4.342291435291975290e+02,4.342292700071993750e+02,4.342295732194131119e+02,4.342298359136754016e+02
-4.342286462370227014e+02,-4.342287129562097903e+02,-4.342287504698857674e+02,-4.342288708382890832e+02,-4.342289396031153501e+02,-4.342290161492626339e+02,-4.342291435291975290e+02,-4.342292700071993750e+02,-4.342295732194131119e+02,-4.342298359136755153e+02
1.736307250109147101e-05,1.827309515302910840e-05,1.963522740058470169e-05,2.140594956685805191e-05,2.416974654958275125e-05,2.860516294127346488e-05,3.659755687032009513e-05,5.467649948835646084e-05,1.289200579826563339e-04,1.462813115900684358e-01
1.736542444235924715e-05,1.827542705807119489e-05,1.963754688051747978e-05,2.140825690675738534e-05,2.417203210764094949e-05,2.860744083186711302e-05,3.659983111758973476e-05,5.467876553878731034e-05,1.289223083830573003e-04,1.462813129729118033e-01
6.329684657459219710e-02,6.255077514688278661e-02,6.179386146982139560e-02,6.105412487306308145e-02,6.037002685600646040e-02,5.979429250551888952e-02,5.940052614522376567e-02,5.929430988972788502e-02,5.961262402917556075e-02,-7.733022406262490822e-02
6.537216705540180306e-02,6.460213469854229895e-02,6.382111635130423288e-02,6.305803437908549802e-02,6.235289679163085602e-02,6.176050120017300554e-02,6.135782070808723510e-02,6.125723618891105310e-02,6.162394336319265004e-02,1.346489775443434754e-04
9.320170583448281243e-09,9.280523042309301347e-09,9.283828359511699896e-09,9.296351384294648124e-09,9.294116205012558365e-09,9.310309410838371887e-09,9.324703657810070385e-09,9.333361274139266160e-09,9.359089626470027825e-09,1.001596545554406214e-08
2.886647488792369845e-08,2.887532985592777702e-08,2.888460060698781533e-08,2.889601202948914103e-08,2.890943508714899716e-08,2.892497775093665428e-08,2.894255725342135647e-08,2.896344090679309432e-08,2.898772561913744860e-08,2.901677656871655792e-08
8.036561999270840729e-09,8.037839882164158748e-09,8.034816520268105345e-09,8.034287454084578975e-09,8.031668803882257090e-09,8.028604717394185547e-09,8.024168120230523566e-09,8.019001907083401844e-09,8.013939673435596359e-09,7.996544205064688617e-09
2.031662563074385390e-08,2.032922886815756132e-08,2.034642832958786163e-08,2.036448043927458563e-08,2.038775934720642797e-08,2.041446492848764798e-08,2.044592480828646618e-08,2.048283336309831682e-08,2.052527212046152266e-08,2.058029816141390585e-08
-6.728148637909822452e-09,-6.728473328948873240e-09,-6.727411437639133307e-09,-6.727276781319222883e-09,-6.726379946973368963e-09,-6.725136864852564357e-09,-6.723609539631297607e-09,-6.721576290021699100e-09,-6.719674075181038274e-09,-6.720591275832655147e-09
6.028956241710855214e-09,6.032494080772252199e-09,6.029991318878905019e-09,6.031150906270103986e-09,6.029820486495091897e-09,6.027870459530316272e-09,6.024445680427432350e-09,6.020434599389347851e-09,6.016995136934443489e-09,6.011120684130414668e-09
2.273670502309590340e-04,2.246851376145070237e-04,2.219488453200555138e-04,2.192950188874384816e-04,2.168286402155906567e-04,2.147511722298326949e-04,2.133302406403641269e-04,2.129547875432908158e-04,2.142034085550610070e-04,5.972766632927719921e-08
2.273670475613414959e-04,2.246851352335901353e-04,2.219488420407491897e-04,2.192950166091602482e-04,2.168286380109251158e-04,2.147511700531898229e-04,2.133302383894904045e-04,2.129547854214761560e-04,2.142034068416337554e-04,6.770016084799159212e-08
2.273670424832560015e-04,2.246851306821371437e-04,2.219488358814686931e-04,2.192950122621200779e-04,2.168286338108271912e-04,2.147511659266710077e-04,2.133302341463592488e-04,2.129547814344480818e-04,2.142034036108433643e-04,8.248979194458738850e-08
2.273670450222980033e-04,2.246851329578652252e-04,2.219488389611098088e-04,2.192950144356404206e-04,2.168286359108775494e-04,2.147511679899294802e-04,2.133302362679257618e-04,2.129547834279624035e-04,2.142034052262393865e-04,7.509497639960464492e-08
-2.095569913808688036e-08,-2.027446556107573211e-08,-2.055206235176943878e-08,-2.134860057859431923e-08,-2.044863598123443813e-08,-2.010069289706281285e-08,-2.081022484218115014e-08,-2.110626689236929979e-08,-2.086639238601542223e-08,-2.085250986474348686e-08
3.141075339548031051e-06,3.242960367885556883e-06,3.387013644679662495e-06,3.546543806340950807e-06,3.771191448098994323e-06,4.076901143410326796e-06,4.494560157422542724e-06,5.097384991996737525e-06,5.994799195668775199e-06,1.569969269418007812e-05
-1.158751961985537635e-02,-1.144426607781891779e-02,-1.129969819934998308e-02,-1.115341713288283201e-02,-1.101830026766562574e-02,-1.090273738711170816e-02,-1.082066031438546662e-02,-1.079226260080909383e-02,-1.084626225277201053e-02,-1.268755240945535704e-04
3.347715335156935339e+02,3.347740292119624996e+02,3.347774199113803775e+02,3.347812398578903981e+02,3.347845145896980625e+02,3.347883965149906658e+02,3.347941882193607626e+02,3.347993213762881055e+02,3.348089312901549306e+02,3.346563065167454738e+02
4.876858035685160644e+02,4.876859490030155371e+02,4.876860669207900969e+02,4.876863318230257960e+02,4.876864712193471973e+02,4.876866594544992495e+02,4.876868043863677258e+02,4.876870112685846834e+02,4.876873989189547274e+02,4.876748307023776761e+02
2.924094837112687060e+02,2.924094878008305045e+02,2.924092328214512690e+02,2.924091285836994984e+02,2.924092757512271987e+02,2.924093810574755139e+02,2.924093618965060273e+02,2.924094922235737499e+02,2.924095888284429634e+02,2.924075677787009795e+02
-2.924209624300394808e+02,-2.924208286026650399e+02,-2.924204350645316595e+02,-2.924201919959604652e+02,-2.924202117173035163e+02,-2.924202092127161450e+02,-2.924201154157361202e+02,-2.924202240704561859e+02,-2.924203803549906411e+02,-2.924076253079182948e+02
4.174921426986142023e+02,4.174915628329708852e+02,4.174913063831239697e+02,4.174904567401189297e+02,4.174899022642933346e+02,4.174892304444428532e+02,4.174880765802962514e+02,4.174870201875966700e+02,4.174848402163639776e+02,4.175285742401100038e+02
-8.376532517692072165e-07,-8.751659148491095764e-07,-9.267679216528290006e-07,-9.802758855212014373e-07,-1.053215159009690235e-06,-1.142362672938108866e-06,-1.256152926240780399e-06,-1.404121107567650189e-06,-1.593835296075803115e-06,-4.781617103076688653e-06
2.052967397165771627e-08,2.053545777318615820e-08,2.053481095769440762e-08,2.053699870714258724e-08,2.053820938558890131e-08,2.054039560230460890e-08,2.054338824235307215e-08,2.054711952435020737e-08,2.055170946982641271e-08,2.055719808885047090e-08
-5.249313399768490541e-09,-5.254389921418793570e-09,-5.253476851989783550e-09,-5.254574378208142386e-09,-5.254472648104498637e-09,-5.254765994656635349e-09,-5.255108824093481289e-09,-5.255311207712291741e-09,-5.255084701319383127e-09,-5.255562501217322382e-09
-6.330552058193369969e-02,-6.255990422839351195e-02,-6.180367165862466622e-02,-6.106482047570803429e-02,-6.038210446033506068e-02,-5.980858798146563432e-02,-5.941881819889762578e-02,-5.932164263295258005e-02,-5.967708849319264264e-02,-1.341151990578142036e-04
-2.362436547586067359e+00,-2.334520327698284881e+00,-2.306114792793083179e+00,-2.278444954810562972e+00,-2.252807372161968136e+00,-2.231243676876887960e+00,-2.216571891744050227e+00,-2.212947541939047191e+00,-2.227079684459145614e+00,-2.416795773047959006e+00
5.785436319219669363e-06,6.089081596888267795e-06,6.543586468214635559e-06,7.134431400208837049e-06,8.056730909981300881e-06,9.537149614940125582e-06,1.220551615903231529e-05,1.824523651983309274e-05,4.310175375741275434e-05,6.293152351044489778e-02
7.899603565267725645e-09,7.905050807754341746e-09,7.957523857007267440e-09,7.959078880861574118e-09,7.933531392692341984e-09,8.002965237513760206e-09,7.988368578477519979e-09,8.142407486411672714e-09,8.165070839480467121e-09,8.314925514794288791e-09
1.305204758207891391e+00,1.304991167343168224e+00,1.304210266247478156e+00,1.304164579304837313e+00,1.303748950515106531e+00,1.303360491612153060e+00,1.303147209897792091e+00,1.303072449161140289e+00,1.303630221051940374e+00,1.307389551089727764e+00
1.195775298960544092e-08,1.195701836641990990e-08,1.195319645890201533e-08,1.195155923448607810e-08,1.195037001407561628e-08,1.194827528631741417e-08,1.194770408869768915e-08,1.194454709297379385e-08,1.193923770557640657e-08,1.194005255370865179e-08
4.313785879810388386e-09,4.301339137729519759e-09,4.284795016375055991e-09,4.267643693118498679e-09,4.245875711311915422e-09,4.220254270694243979e-09,4.190374401181018734e-09,4.155706693012991581e-09,4.116222768453025650e-09,3.970677827134369081e-09
2.855271124243311689e-05,3.005030225857501639e-05,3.229168315232236995e-05,3.520541588522758166e-05,3.975330308306713800e-05,4.705181493571595580e-05,6.020345826833799018e-05,8.995295899129122604e-05,2.121258870493815049e-04,2.429898783654539096e-01
1.195744690496360908e-08,1.195671270856999666e-08,1.195290570413046115e-08,1.195127144028407247e-08,1.195010383766410199e-08,1.194801948469074151e-08,1.194745469521413851e-08,1.194430486714974342e-08,1.193902370377444450e-08,1.193975583568766656e-08
-6.164715697796302817e-09,-6.171402530898437165e-09,-6.183466066413822166e-09,-6.196234282961612086e-09,-6.206757814133486190e-09,-6.223111380382941584e-09,-6.243690066345579412e-09,-6.267379799598823463e-09,-6.292417307780184603e-09,-6.300287169251684827e-09
8.585548905343719253e-06,8.507772544767869697e-06,8.412216779397196294e-06,8.203392251934325666e-06,7.954968956236614107e-06,7.637131602730422110e-06,7.249014734967510519e-06,6.795067296727577072e-06,6.273292031661376172e-06,6.646459995495372457e-06
3.577081872026712363e-06,3.767187306167833247e-06,4.051951532925871665e-06,4.422625516950882188e-06,5.002509911977453172e-06,5.936445078041817880e-06,7.629639708382978555e-06,1.150818428209494704e-05,2.810734544025838899e-05,6.216976025305353875e-05
1.991645967699031891e-02,1.968130062237338079e-02,1.944261497259482455e-02,1.920926540391515447e-02,1.899338743546734320e-02,1.881166957454667374e-02,1.868748958966926291e-02,1.865489621010119406e-02,1.876367590069796115e-02,2.602050991744466902e-05
3.969445333613810800e-02,3.922609253991338196e-02,3.875086458119070959e-02,3.828652679598530673e-02,3.785736649824143762e-02,3.749687576252511839e-02,3.725216606423020771e-02,3.719275142337229167e-02,3.742891210147362979e-02,1.002188296077015410e-04
3.956303915768646669e-09,3.956534807876283993e-09,3.956876384636726278e-09,3.957232723087796272e-09,3.957699973156152050e-09,3.958237310957554186e-09,3.958867896156991823e-09,3.959612359662264541e-09,3.960476052720620133e-09,3.960971450313155556e-09
3.955109171651386092e-09,3.955065730178668816e-09,3.955471928454193725e-09,3.956009411109984078e-09,3.956504503070636216e-09,3.957162448033132387e-09,3.958067957578836322e-09,3.959014895864742005e-09,3.960241836938792212e-09,3.961507523420482014e-09
1.991646363195076486e-02,1.968130457730469032e-02,1.944261892796451258e-02,1.920926935980383013e-02,1.899339139184372249e-02,1.881167353160677694e-02,1.868749354764531745e-02,1.865490016905831105e-02,1.876367986089890957e-02,2.602447147763599575e-05
-5.187443453172017629e-06,-5.378971709099838346e-06,-5.656233374265153807e-06,-5.977171536211432347e-06,-6.440979676813533857e-06,-7.089440338959304459e-06,-8.033906377322048715e-06,-9.503836885757164694e-06,-1.199311420992769735e-05,-1.355884415979428512e-05
6.604125860733221161e-07,6.889573213186719724e-07,7.307691570685938771e-07,7.815057126854029915e-07,8.568191687337154683e-07,9.673825891973369638e-07,1.140212424088213474e-06,1.440788713837569329e-06,2.064696914617189215e-06,5.905562093497036682e-06
2.186319292230569176e-08,2.187512280898767315e-08,2.192855670071971330e-08,2.194596231572960003e-08,2.197086918788856705e-08,2.200439814443681340e-08,2.200899300206556577e-08,2.205152540365961126e-08,2.213341397545800454e-08,2.212211035345938424e-08
2.186318664104502812e-08,2.187511315062276229e-08,2.192855626835161634e-08,2.194597786674713226e-08,2.197068305078088270e-08,2.200439776120829723e-08,2.200899259155313569e-08,2.205153746747730741e-08,2.213341435579410832e-08,2.212211283338601278e-08
-1.241757896580642862e-03,-1.227026490947724082e-03,-1.211985472766692606e-03,-1.197398399784589673e-03,-1.183810760385127676e-03,-1.172331738826928003e-03,-1.164428125074843398e-03,-1.162246094234344962e-03,-1.169070315700701827e-03,1.572474740874682472e-06
-2.855555143718688932e-02,-2.821826385435634299e-02,-2.787580362226209016e-02,-2.754114509396045005e-02,-2.723145159477018476e-02,-2.697074419099522447e-02,-2.679257959352988883e-02,-2.674585758771889574e-02,-2.690226066601828295e-02,-4.040777920675191854e-05
1.703573885295148240e-05,1.793177346473234074e-05,1.927330177203310951e-05,2.101897751339213127e-05,2.374558687800459872e-05,2.812627470140853330e-05,3.603293432639034116e-05,5.396219508706513035e-05,1.278925464218581473e-04,1.462783548736049655e-01
1.246717807047925982e-05,1.312085388732673972e-05,1.409921837444672813e-05,1.537100316605073360e-05,1.735609276753903680e-05,2.054177602335218819e-05,2.628224114127798326e-05,3.926723694907921535e-05,9.259130773570342404e-05,1.046365128972459174e-01
6.604122562020330811e-07,6.889568978234067797e-07,7.307688921814263865e-07,7.815053485739829572e-07,8.568187892826097568e-07,9.673822879195674046e-07,1.140212096106602005e-06,1.440788482589976419e-06,2.064696785567103795e-06,5.905562188058709864e-06
1.154506474433243483e-08,1.154894223341151354e-08,1.156073204657411722e-08,1.156889637493564588e-08,1.157754170020990767e-08,1.159047511814018247e-08,1.160541761501941729e-08,1.162399938227933310e-08,1.164517006107288601e-08,1.165691589928314650e-08
3.731547053155538445e-04,3.688092191864549008e-04,3.644200057930074691e-04,3.601455400056713385e-04,3.562384135580267861e-04,3.530278936797534160e-04,3.509944780998343881e-04,3.508782061595278686e-04,3.539091121881160181e-04,3.454719124071684543e-05
1.607288849186824155e-05,1.691677458002109036e-05,1.817977752708210660e-05,1.982168599554541850e-05,2.238446368777477239e-05,2.649725054756168178e-05,3.390842759320638814e-05,5.067288322152048208e-05,1.195216886313775305e-04,1.383533525304465883e-01
-1.244794921196267388e-05,-1.310472777049570974e-05,-1.408103119818144148e-05,-1.535356168123191091e-05,-1.733795015109860477e-05,-2.052422372084521649e-05,-2.626457240542748802e-05,-3.925214601480954673e-05,-9.257166195430722381e-05,-1.046364937612073859e-01
1.610888057238315735e-05,1.695279272942785319e-05,1.821588712504105753e-05,1.985783061011414926e-05,2.242065714312537568e-05,2.653351403866195248e-05,3.394471492989281918e-05,5.070925670972930508e-05,1.195582113753919173e-04,1.383533890585291193e-01
4.720460626386140390e+00,4.664734980428304034e+00,4.608185408207512879e+00,4.552912957838390895e+00,4.501810146936996659e+00,4.458854768843578675e+00,4.429648041855895002e+00,4.422465880937429539e+00,4.450527515234030673e+00,4.757110699392906206e+00
6.454596674522800059e-02,6.378572376111781017e-02,6.301465017972576743e-02,6.226129725899781642e-02,6.156518125636092215e-02,6.098041399696276649e-02,6.058301598271946531e-02,6.048399330329103096e-02,6.084657499321282498e-02,1.629446463159989471e-04
3.963953583560377645e-09,3.963845069883678426e-09,3.963702907666956324e-09,3.963530730962042906e-09,3.963319493603301238e-09,3.963079535674017808e-09,3.962798626604707622e-09,3.962466818663076539e-09,3.962079820861252654e-09,3.961483249480005373e-09
2.425188904543377696e-03,2.397002126489180315e-03,2.368571477525433996e-03,2.340960870514752733e-03,2.315881986533525113e-03,2.295646589062229695e-03,2.283882386528860234e-03,2.287461453662768991e-03,2.331841839855932057e-03,7.612028862065534085e-02
2.425188904261011552e-03,2.397002126210049430e-03,2.368571477252952740e-03,2.340960870248224180e-03,2.315881986276622541e-03,2.295646588817074236e-03,2.283882386297868359e-03,2.287461453448422222e-03,2.331841839660761789e-03,7.612028862052008793e-02
2.891555048572842423e-06,3.044078013361387848e-06,3.272416084925722420e-06,3.569383532174209747e-06,4.033188690117404734e-06,4.778269256102558669e-06,6.123261604195188944e-06,9.177034989314482316e-06,2.188267971814130463e-05,7.611783543907499339e-02
4.325101725133480224e-06,4.552521735558815374e-06,4.892890293519625522e-06,5.335335969610620028e-06,6.025881958218194171e-06,7.133961157848100453e-06,9.130291715838968533e-06,1.364405591716456708e-05,3.214305548061872290e-05,1.832798355721047506e-06
4.128355823244347524e-09,4.125486325737656981e-09,4.121296961051848997e-09,4.117898012675768440e-09,4.113530206175550565e-09,4.108817943093134169e-09,4.103819375236953959e-09,4.098606633073289328e-09,4.093677983718912599e-09,4.092421457634359100e-09
4.325101631208357384e-06,4.552521635212173130e-06,4.892890172380020183e-06,5.335335846521548032e-06,6.025881822362151162e-06,7.133961007767614626e-06,9.130291550101026160e-06,1.364405573873880300e-05,3.214305529614292943e-05,1.832754260797634136e-06
6.819750662228874459e-04,6.739188811692248477e-04,6.657344594506005775e-04,6.577441883192567101e-04,6.503456294984470568e-04,6.441160305851096647e-04,6.398556441886224131e-04,6.387315306098482895e-04,6.424494610480333164e-04,2.382500708543499041e-07
9.318172775502981525e-07,9.995201370071070433e-07,8.299991696831575332e-07,1.032687795932129861e-06,1.034800062512981194e-06,1.024583587877167596e-06,1.015741843740973970e-06,1.012988300927576458e-06,1.206528136646527761e-06,8.287652546126251734e-08
2.936159078903549310e-03,2.901578195808233920e-03,2.866244957503337899e-03,2.832077251834558967e-03,2.800294814157153200e-03,2.773552228135551991e-03,2.755321577042820023e-03,2.750653234009109438e-03,2.767139495951662607e-03,1.681403786975256285e-05
3.936520726768706322e-09,3.937318409387957852e-09,3.938782129129560422e-09,3.939963452285870582e-09,3.941705015431377845e-09,3.943765685468494863e-09,3.946175591515884692e-09,3.948981667304798175e-09,3.952136992918823005e-09,3.961424790595769177e-09
3.935295652569348824e-09,3.935820987753661000e-09,3.937352985459352642e-09,3.938719117719554072e-09,3.940491919420130859e-09,3.942677504213124411e-09,3.945366723332220028e-09,3.948380067437427621e-09,3.951901447101303140e-09,3.961960872965066733e-09
3.934665884509664488e-09,3.935198128960720312e-09,3.936747746694327141e-09,3.938135950207799103e-09,3.939942092225327552e-09,3.942172126337844390e-09,3.944920694845288641e-09,3.948011559285952279e-09,3.951628635240256005e-09,3.962317650455387431e-09
-5.813935354699940238e-07,-6.035326011252456967e-07,-6.356177861036947650e-07,-6.729413465502046520e-07,-7.270190154680153841e-07,-8.029878098911786225e-07,-9.143798439063301494e-07,-1.089500137301613056e-06,-1.391149526396051418e-06,-1.596527290060375726e-05
4.339150966294092543e-09,4.331806637586420231e-09,4.318240225308824821e-09,4.309200988181523281e-09,4.295388157203931900e-09,4.279746383219401663e-09,4.262319898173239229e-09,4.243007406690563749e-09,4.223254541490537515e-09,2.059849803667141892e-09
3.481398528152401468e+02,3.481402003173934077e+02,3.481408582091520429e+02,3.481413125587943114e+02,3.481418858808758614e+02,3.481426350973762851e+02,3.481437332914639455e+02,3.481448934219470743e+02,3.481472550387904334e+02,3.482062669831612425e+02
4.045277741478369649e+02,4.045280533426341663e+02,4.045288102831656829e+02,4.045292171125351501e+02,4.045298168513413657e+02,4.045306913582215316e+02,4.045320843455511408e+02,4.045336005162022843e+02,4.045366906382438970e+02,4.044922072585146680e+02
5.637738035424863625e+01,5.637743653737258853e+01,5.637766194862059876e+01,5.637773795674609545e+01,5.637787865559833023e+01,5.637810014104130829e+01,5.637846066088793862e+01,5.637883392558254059e+01,5.637950477383740377e+01,5.628592630774204508e+01
-3.203446253932766302e-09,-3.473216658895443949e-09,-3.611180972514052840e-09,-3.523414154809289308e-09,-3.298292524970179487e-09,-3.348651514861617066e-09,-3.370800253751004818e-09,-3.268499127486954664e-09,-3.650586535822511464e-09,-3.499870233948383103e-09
3.946412373463467091e-09,3.946902184127919405e-09,3.947607300007753729e-09,3.948292789316000258e-09,3.949195184133069147e-09,3.950230329409946362e-09,3.951425444345560495e-09,3.952805078521255965e-09,3.954341179183102999e-09,3.961188340262074492e-09
3.945212515425187794e-09,3.945418665212296688e-09,3.946189855484096155e-09,3.947058509029428452e-09,3.947990191339467990e-09,3.949147942541177094e-09,3.950620141752065271e-09,3.952204944400833859e-09,3.954105817482811329e-09,3.961724342391513302e-09
5.637738035819344873e+01,5.637743654131766391e+01,5.637766195256646284e+01,5.637773796069281218e+01,5.637787865954601330e+01,5.637810014499014954e+01,5.637846066483828622e+01,5.637883392953447270e+01,5.637950477779129699e+01,5.628592631170515403e+01
1.394468030905576817e-09,5.968749446054008632e-10,4.187741377262706740e-10,4.574139890603486378e-10,7.508762401910483196e-10,6.964130895865552670e-10,6.873970986318306835e-10,8.533353303529790112e-10,2.800867657048037121e-10,7.521105602460099391e-10
-1.072037193762532297e-06,-1.103971038334215390e-06,-1.149137954300282465e-06,-1.197725322827415389e-06,-1.265320764396339126e-06,-1.353784871149977272e-06,-1.471806272612667108e-06,-1.632773881446856333e-06,-1.857587369521875459e-06,-1.123666729948574077e-05
5.014358394049190076e-08,1.422476146714377568e-08,1.410291155601705046e-08,1.521443029917869862e-08,1.406519402410160404e-08,1.415377304290252747e-08,1.418817790548895699e-08,1.459071001514711131e-08,1.419711691281547503e-08,1.420874128349338949e-08
-9.683951013472935994e-08,-5.907581883525458416e-08,-5.917221516765965789e-08,-6.042016787601479300e-08,-5.890009528373727540e-08,-5.927204281716135408e-08,-5.921962434514522943e-08,-5.979402059215527307e-08,-5.928847764526800293e-08,-5.927755540637665961e-08
-5.775908371914238032e-02,-5.707723712533396138e-02,-5.638509051714390985e-02,-5.570864932429563099e-02,-5.508318703536674993e-02,-5.455731064077819908e-02,-5.419962086986730709e-02,-5.411141823681366037e-02,-5.445513615411616548e-02,-1.541357809312332294e-01
8.489534616884265870e-09,8.463095252094860545e-09,8.428180589611899355e-09,8.390012083529717217e-09,8.341539420423696411e-09,8.283567127106486236e-09,8.214806389354899143e-09,8.133712312599010770e-09,8.039733367238615751e-09,7.958264862989359511e-09
5.246422482446552044e-03,5.184904496885142135e-03,5.122621403498616409e-03,5.061919109722820033e-03,5.006185866172291679e-03,4.960070705453649940e-03,4.930408839312548988e-03,4.928498677126277698e-03,4.987718823442524596e-03,2.274096430384143774e-01
-4.256767290301017745e-09,-4.255930450855353085e-09,-4.216113394815108754e-09,-4.257209102824328118e-09,-4.282073592656941709e-09,-4.245251560265900432e-09,-4.237384481277248553e-09,-4.066243995898027726e-09,-4.146963969724505452e-09,-4.262377408476950140e-09
-4.257290815642914861e-09,-4.256428239074284362e-09,-4.216646936438560564e-09,-4.257735980774184498e-09,-4.282519548220134046e-09,-4.245738566769644125e-09,-4.237739930366114882e-09,-4.066566771542302069e-09,-4.147221576505815883e-09,-4.262350315506180899e-09
1.024384595590997417e-08,1.026515595295783956e-08,1.026352044137905611e-08,1.029614781284367057e-08,1.032028712689941519e-08,1.035480459259389926e-08,1.039774019548758725e-08,1.044689319663585633e-08,1.053122007883175410e-08,1.023384513242691710e-08
6.135328194918850265e-08,6.122274656917654416e-08,6.112012719599305263e-08,6.082972228832994259e-08,6.065054968203379789e-08,6.070587375498500700e-08,6.082158529632295265e-08,6.093897898781285408e-08,6.118450844330803731e-08,5.143179302910393007e-08
4.620398887372634768e-08,4.605199389250501316e-08,4.596561372093211021e-08,4.564796413223059924e-08,4.544814309304232778e-08,4.544736367489650610e-08,4.548928608082179576e-08,4.552296260281523449e-08,4.561957898800638637e-08,3.696398023145903160e-08
5.232273634848359123e-06,5.506643140652355272e-06,5.917267015411755809e-06,6.451034379731842428e-06,7.284048526369697807e-06,8.620615293683396758e-06,1.102837910401545978e-05,1.647372316653208227e-05,3.894744355477736472e-05,5.181411520115386526e-02
4.234560745324689293e-09,4.223605750171130793e-09,4.209081279289829484e-09,4.193571217052719579e-09,4.173901173721224467e-09,4.150539491775933638e-09,4.123050486459171141e-09,4.090886398440620838e-09,4.053977413530046551e-09,4.010818045736468976e-09
-2.248264917345558353e-06,-2.366420806904769885e-06,-2.543267705798938756e-06,-2.773169749764510166e-06,-3.132028428830442996e-06,-3.707971994882445869e-06,-4.745928759730885658e-06,-7.094416928093828164e-06,-1.674742543301307500e-05,-5.263711465658206523e-02
1.782182345071575632e-06,1.875980967489047185e-06,2.016371047299260958e-06,2.198877303584594364e-06,2.483751508856515594e-06,2.940946496217885437e-06,3.764870248533313347e-06,5.628965381748704610e-06,1.328924849753347132e-05,1.945353853173710512e-02
-2.499629659167077875e+02,-2.499630925634795346e+02,-2.499633023206937992e+02,-2.499635008152265812e+02,-2.499636931406265035e+02,-2.499639353724559214e+02,-2.499643168888007949e+02,-2.499646982664576171e+02,-2.499653288630051691e+02,-2.499098198407171765e+02
-2.922198383482501021e-09,-4.754672122590759059e-09,-4.200789852625832619e-09,-5.734560695183132401e-09,-5.194199605273495597e-09,-5.852123883505558522e-09,-6.022185781865150920e-09,-4.947581891472842988e-09,-4.762487966947075312e-09,-4.561734567632086322e-09
1.321704316721986883e-05,1.390799238268652886e-05,1.494198284062300952e-05,1.628595330936402294e-05,1.838294175323707430e-05,2.174649544510370348e-05,2.780306132999214202e-05,4.149560708673724656e-05,9.842469350021385748e-05,1.564555585070171728e-01
1.321704316718322110e-05,1.390799238264672847e-05,1.494198284057554348e-05,1.628595330930667542e-05,1.838294175317058899e-05,2.174649544502156161e-05,2.780306132985239513e-05,4.149560708644951286e-05,9.842469349909780687e-05,1.564554858437343099e-01
4.309341514093267936e-09,4.296927871691450548e-09,4.280369515367979760e-09,4.263117309107213076e-09,4.241208115688921155e-09,4.215364840068255493e-09,4.185169931835056175e-09,4.150094413300957795e-09,4.110274719445736514e-09,4.065593690463751693e-09
-2.734603855329105840e-02,-2.702302589365164487e-02,-2.669512700875145694e-02,-2.637452638428818344e-02,-2.607785576960758300e-02,-2.582802708693517427e-02,-2.565712993464453959e-02,-2.561190583913299651e-02,-2.576072254085931545e-02,-1.191973845072663221e-05
3.955795577904366545e-09,3.955901574186097750e-09,3.956128959472195475e-09,3.956344492382859969e-09,3.956629451910278959e-09,3.956932714694425524e-09,3.957273070421372578e-09,3.957662754810585286e-09,3.958096043036178794e-09,3.959518067398743080e-09
3.954600538738629698e-09,3.954431327482803258e-09,3.954723617249798755e-09,3.955120068434749690e-09,3.955432982734644937e-09,3.955856958292493795e-09,3.956472274378150006e-09,3.957065152083872659e-09,3.957861531409426233e-09,3.960054752979501727e-09
3.954459400785814371e-09,3.954291791477513228e-09,3.954587445909235877e-09,3.954986830937041728e-09,3.955304562117583015e-09,3.955734411198561079e-09,3.956356821386350648e-09,3.956958014079116265e-09,3.957763973071528713e-09,3.960945860156962298e-09
-4.297770880808530210e-06,-4.308835334156152850e-06,-4.325787247637561016e-06,-4.298505234211783374e-06,-4.265290346936846369e-06,-4.207268834544501325e-06,-4.118805908611474038e-06,-3.995164976583994800e-06,-3.824685856980746767e-06,-4.849938202510945752e-06
-3.963459037364991047e-07,-4.149115062779910364e-07,-4.422928592644345475e-07,-4.763260371417225898e-07,-5.276428530090321817e-07,-6.051150087394895729e-07,-7.314870214717855337e-07,-9.677523528358875046e-07,-1.537641039616874621e-06,-1.001413105754046703e-05
8.482450700009097123e-06,8.928404125727909164e-06,9.596055822232067923e-06,1.046472669123855274e-05,1.182146116348906673e-05,1.400112567168546240e-05,1.793520656990005407e-05,2.685838132910054845e-05,6.370076731613222656e-05,7.523824922488885070e-02
4.612460208333723567e-09,4.585975334315769763e-09,4.550642114473769538e-09,4.512889453695793290e-09,4.464918245679385216e-09,4.407894012879970380e-09,4.340723831872887226e-09,4.262050923478012143e-09,4.171706951183055343e-09,4.040011747993822865e-09
3.411705536785654374e-08,3.412415047675505188e-08,3.412915473568242303e-08,3.412369591707474397e-08,3.414579941755978618e-08,3.415701727853312781e-08,3.415733261462270320e-08,3.417384295419241030e-08,3.420716964365524197e-08,3.423114683811086218e-08
2.481577494011572660e-08,2.481883151869565792e-08,2.481986939453264846e-08,2.493023389647879703e-08,2.482478154025450672e-08,2.482774740046695794e-08,2.483275615573858430e-08,2.483720625303774774e-08,2.484139990970808017e-08,2.484238000542302627e-08
3.113431614347382299e-08,3.114073560323445733e-08,3.114558314482727739e-08,3.108290755797901127e-08,3.116143274000639266e-08,3.117214937692486453e-08,3.117403250047493785e-08,3.118985964118978777e-08,3.122022714234587255e-08,3.124361226201720188e-08
8.257801135442558120e-10,5.528645212571692214e-10,-2.725538265764807580e-10,3.580879552122700554e-09,-2.420983094096109431e-11,2.448036295424479202e-09,1.814936109748870635e-10,-9.265993630885353754e-10,3.174385991378086167e-10,3.546476048434933875e-10
1.559833044712749495e-08,1.372998466443903028e-08,1.558373995871130516e-08,1.415780242894577933e-08,1.592792239575399639e-08,1.806989971257533416e-08,1.554587587609209225e-08,1.438770285841002794e-08,1.388278982696901963e-08,1.810583175747437616e-08
-5.402080934579369727e-13,-5.344852476326157127e-13,-5.188620535274817778e-13,-5.005532008782336225e-13,-4.720133736885006501e-13,-4.339126070357418183e-13,-3.829644447366753189e-13,-3.165729670147195491e-13,-2.348331162363670008e-13,8.275366590534523343e-14
-1.941389269199909706e-08,-2.140985331093287497e-08,-1.628799322156214464e-08,-2.228132438650817167e-08,-2.227738483417856207e-08,-2.172084823777472898e-08,-2.145397123660962308e-08,-2.118644034762150750e-08,-2.630880363662918323e-08,8.161116531543335068e-09
1.033323237804082417e-01,1.021115236139406857e-01,1.008722347350087950e-01,9.966069526769094633e-02,9.853961665702327954e-02,9.759566101844369124e-02,9.695012552993620414e-02,9.677967785207750029e-02,9.734274353448156558e-02,2.668888536863622322e-05
